gene_id	same_taxon_ids	n_taxa_raw	n_taxa_trimmed	length_raw	length_trimmed	retained_length_fraction	variable_raw	variable_trimmed	pis_raw	pis_trimmed	pis_difference	pis_retained_fraction	entropy_raw	entropy_trimmed
EOG0926004Z	True	14	14	6033	4899	0.8120338140228742	4216	3917	3050	3019	-31	0.9898360655737705	1.0506512997911857	1.2227987240970004
EOG09260075	True	14	14	3682	3172	0.8614883215643672	1476	1431	950	930	-20	0.9789473684210527	0.4062588644815633	0.4519695370865039
EOG0926009O	True	14	14	3046	2815	0.9241628365068942	2378	2247	1774	1690	-84	0.9526493799323562	1.069722922106259	1.09095066388911
EOG092600NM	True	14	14	3203	2354	0.7349359975023415	483	361	167	167	0	1.0	0.11843971275508501	0.10932982156097591
EOG092600S9	True	14	14	3574	2587	0.7238388360380527	2394	2082	1585	1456	-129	0.9186119873817035	0.8724648351310869	1.0657998063612755
EOG092600SD	True	14	14	2975	2311	0.7768067226890756	1899	1733	1069	1063	-6	0.9943872778297475	0.807955676882773	0.9490648623341986
EOG092600SK	True	14	14	3582	2301	0.6423785594639866	2109	1760	1348	1300	-48	0.9643916913946587	0.7279182228957495	0.9576647670868551
EOG092600T4	True	14	14	2984	2270	0.7607238605898123	985	865	584	569	-15	0.9743150684931506	0.33054384129965136	0.3791662422775687
EOG092600T9	True	14	14	2206	2134	0.9673617407071623	580	577	344	343	-1	0.997093023255814	0.22172151098432366	0.22765098883491053
EOG092600W1	True	14	14	2623	2235	0.8520777735417461	1073	1033	646	640	-6	0.9907120743034056	0.40935162473350456	0.4566741201883666
EOG092600X0	True	14	14	3114	2492	0.8002569043031471	1981	1687	1310	1243	-67	0.9488549618320611	0.8610473010434524	0.926735681918097
EOG092600XJ	True	14	14	3108	2051	0.6599099099099099	1619	1267	949	881	-68	0.928345626975764	0.6323054893921776	0.7503555458964842
EOG092601KZ	True	14	14	2205	1112	0.5043083900226757	864	612	389	376	-13	0.9665809768637532	0.4000547966136296	0.5617558728883033
EOG092601YK	True	14	14	2765	2504	0.9056057866184448	1877	1776	1244	1225	-19	0.9847266881028939	0.8071730011863683	0.8435688757352504
EOG0926025H	True	13	13	2332	874	0.3747855917667238	1335	788	806	558	-248	0.6923076923076923	0.8561812104379068	1.2830640701525897
EOG09260274	True	14	14	1792	1540	0.859375	1457	1346	1073	1032	-41	0.961789375582479	1.1911341095116266	1.2930699321727506
EOG09260289	True	14	14	1863	1264	0.6784755770263017	1046	963	664	647	-17	0.9743975903614458	0.6722802997898454	0.9155546623039966
EOG092602BZ	True	14	14	2980	1673	0.5614093959731543	1105	635	401	397	-4	0.9900249376558603	0.3694681875424853	0.33624036445896915
EOG092602FH	True	14	14	2818	2598	0.921930447125621	1702	1599	947	943	-4	0.9957761351636748	0.783814050711142	0.80488906013421
EOG092602I6	True	14	14	1981	1898	0.9581019687026754	1043	1013	686	678	-8	0.9883381924198251	0.5932263958664094	0.6006253330215726
EOG092602MO	True	14	14	3173	1914	0.6032146233848094	1890	1494	1365	1133	-232	0.8300366300366301	0.8966462036657501	1.1515696821444785
EOG092602OP	True	14	14	1726	1585	0.9183082271147162	1118	1087	703	701	-2	0.9971550497866287	0.7258627249493804	0.7698611945377904
EOG092602UY	True	14	14	2288	1972	0.8618881118881119	1249	1122	782	743	-39	0.9501278772378516	0.6733964647514991	0.6935154871272257
EOG09260375	True	14	14	1536	1447	0.9420572916666666	794	768	492	482	-10	0.9796747967479674	0.5283178024124876	0.5330866572509605
EOG092603D0	True	14	14	2412	1127	0.4672470978441128	1313	974	649	621	-28	0.9568567026194145	0.6878126514483841	1.121205376627936
EOG092603EH	True	14	14	1583	1532	0.9677826910928616	749	736	488	488	0	1.0	0.5570916523024123	0.5678828411899062
EOG092603JK	True	14	14	2790	1607	0.5759856630824373	1988	1399	1475	1062	-413	0.72	1.1451545782796049	1.287197518141191
EOG092603KJ	True	14	14	1640	1148	0.7	705	563	379	374	-5	0.9868073878627969	0.5130429481857972	0.6000922420093325
EOG092603SM	True	14	14	1993	1561	0.7832413447064727	1354	1193	901	855	-46	0.9489456159822419	0.8941055363202569	1.0033295254252554
EOG092603YJ	True	13	13	1874	1767	0.9429028815368197	1349	1298	838	823	-15	0.9821002386634845	0.8260898769035732	0.8380323836272836
EOG0926047G	True	14	14	1601	1521	0.9500312304809494	711	699	461	456	-5	0.9891540130151844	0.47078293225641776	0.48459989735425296
EOG09260492	True	14	14	1535	1445	0.9413680781758957	867	863	523	522	-1	0.9980879541108987	0.5410350863587557	0.5717774612589644
EOG0926049A	True	14	14	1596	1495	0.9367167919799498	988	934	689	666	-23	0.9666182873730044	0.7715084301341014	0.7715164205655975
EOG0926049S	True	14	14	2607	2019	0.7744533947065593	1739	1590	1161	1156	-5	0.9956933677863911	0.8909651118287962	1.0733663372825941
EOG092604A0	True	14	14	2756	1784	0.6473149492017417	1700	1512	1227	1113	-114	0.9070904645476773	0.8326417048129883	1.131352959730546
EOG092604I8	True	13	13	3236	1719	0.5312113720642769	1775	1317	1132	1042	-90	0.9204946996466431	0.7747555525519737	1.143478350404069
EOG092604KQ	True	13	13	2405	1314	0.5463617463617464	1224	1034	772	691	-81	0.8950777202072538	0.6523911307831777	0.9639399595297026
EOG092604MJ	True	14	14	2195	1656	0.7544419134396355	1700	1473	1104	1088	-16	0.9855072463768116	1.119706222812587	1.3224411987304967
EOG092604ML	True	14	14	2674	1652	0.6178010471204188	1962	1401	1201	1019	-182	0.8484596169858452	0.903915222006169	1.1011767125073673
EOG092604S1	True	14	14	1490	1300	0.87248322147651	1129	1068	764	754	-10	0.9869109947643979	1.0941740386774812	1.1923177193729397
EOG092604ZZ	True	14	14	1307	1268	0.9701606732976281	972	967	694	693	-1	0.9985590778097982	0.9218969611583979	0.946613562172
EOG0926051U	True	14	14	1913	1798	0.9398849973863043	1601	1587	1162	1161	-1	0.9991394148020654	1.1871387261533164	1.254625297341386
EOG092605FC	True	14	14	1651	1355	0.8207147183525136	796	714	481	451	-30	0.9376299376299376	0.5063492113309797	0.5351487871752264
EOG092605KN	True	14	14	1711	1264	0.7387492694330801	741	718	388	388	0	1.0	0.49503100677469997	0.6512301774160216
EOG092605OK	True	14	14	3828	1681	0.4391327063740857	1400	1313	718	689	-29	0.9596100278551533	0.39540005120017063	0.8326475197508579
EOG092605QM	True	14	14	2255	1804	0.8	1641	1475	1166	1084	-82	0.9296740994854202	1.0375919542786673	1.1592991000804311
EOG092605T6	True	14	14	5259	3783	0.7193382772390188	2721	2079	1424	1370	-54	0.9620786516853933	0.5442272277187025	0.5655877871893785
EOG092605VL	True	14	14	2797	2284	0.816589202717197	2094	1791	1391	1273	-118	0.9151689432063264	0.9809424181184798	1.0264448649275897
EOG092605VU	True	14	14	1829	1202	0.6571897211591033	1245	910	664	595	-69	0.8960843373493976	0.8838252249510928	0.9587121723604825
EOG092605ZA	True	14	14	2071	1153	0.5567358763882182	1540	985	1051	743	-308	0.7069457659372027	1.1300114072164968	1.2122502537567175
EOG092606AD	True	14	14	750	400	0.5333333333333333	455	326	287	258	-29	0.8989547038327527	0.906203257487667	1.2624635291794057
EOG092606AJ	True	14	14	1605	1135	0.7071651090342679	705	668	459	438	-21	0.954248366013072	0.4888812008804972	0.6503461396776549
EOG092606CY	True	14	14	1741	1259	0.723147616312464	781	726	449	445	-4	0.9910913140311804	0.45293698618240724	0.572298868174671
EOG092606O3	True	14	14	2497	1655	0.6627953544253103	1185	1067	791	755	-36	0.95448798988622	0.574474529362333	0.7776820693072575
EOG092606UX	True	14	14	1716	1349	0.7861305361305362	1016	988	720	711	-9	0.9875	0.7069566183305734	0.8741924581203628
EOG092606WZ	True	14	14	1733	1298	0.7489901904212348	1106	1026	766	755	-11	0.9856396866840731	0.8660477211590075	1.0724482609454467
EOG0926071Q	True	14	14	1776	1131	0.6368243243243243	873	825	640	625	-15	0.9765625	0.6787467053555073	1.0060453523468447
EOG0926073O	True	14	14	2649	1649	0.6224990562476406	1162	940	664	621	-43	0.9352409638554217	0.4755848197461551	0.6132286897364583
EOG0926074Y	True	14	14	1361	1214	0.8919911829537105	446	437	231	230	-1	0.9956709956709957	0.27693622764753917	0.302439962845629
EOG09260779	True	14	14	1436	1395	0.9714484679665738	1032	1019	739	735	-4	0.9945872801082544	0.9074497445489449	0.9185041549145937
EOG0926077L	True	13	13	1703	1460	0.8573106283029948	1385	1252	995	943	-52	0.9477386934673366	1.1929054290737826	1.2645901451541826
EOG0926079Q	True	14	14	1307	1188	0.9089517980107116	570	539	319	308	-11	0.9655172413793104	0.39381358418465096	0.4064095721019463
EOG092607OQ	True	14	14	1221	1209	0.9901719901719902	408	408	203	203	0	1.0	0.2373519068450369	0.2397077570370472
EOG092607QZ	True	14	14	1106	1081	0.9773960216998192	558	547	378	376	-2	0.9947089947089947	0.5445886362560882	0.5432381422407176
EOG092607ZS	True	14	14	2545	1504	0.5909626719056974	1039	950	641	597	-44	0.9313572542901716	0.4475962919525522	0.6782873798861526
EOG092608AE	True	14	14	3020	2139	0.7082781456953643	1866	1660	1220	1127	-93	0.9237704918032786	0.8134072654316853	1.0055614154692405
EOG092608AV	True	14	14	2103	1213	0.5767950546837851	1428	849	564	477	-87	0.8457446808510638	0.768910790606258	0.7330499564002693
EOG092608C4	True	12	12	2112	1336	0.6325757575757576	880	843	553	540	-13	0.976491862567812	0.4940300053330792	0.7452005940139637
EOG092608GK	True	14	14	1873	1460	0.7794981313400962	1219	1007	779	670	-109	0.8600770218228498	0.7641728530526964	0.7987799698104541
EOG092608L0	True	13	13	2227	1252	0.5621912887292322	786	522	294	278	-16	0.9455782312925171	0.33836060601972573	0.3853267026899582
EOG092608RH	True	14	14	1847	1122	0.607471575527883	909	869	676	673	-3	0.9955621301775148	0.6707882837445892	1.0651302090407613
EOG092608T8	True	14	14	1256	1227	0.9769108280254777	330	323	169	165	-4	0.9763313609467456	0.21282499432488228	0.2117519775197856
EOG092608WI	True	14	14	1351	1132	0.8378978534418949	817	667	576	478	-98	0.8298611111111112	0.8349837150709323	0.7682828135051833
EOG092608WU	True	14	14	1593	1364	0.8562460765850597	819	739	459	450	-9	0.9803921568627451	0.5131119609231908	0.5285885708173638
EOG092608ZS	True	12	12	1295	1149	0.8872586872586873	683	621	463	429	-34	0.9265658747300216	0.6711838909851594	0.6699755855863381
EOG0926092K	True	13	13	3233	1079	0.33374574698422516	1145	527	280	280	0	1.0	0.3512772632976292	0.4324287459064511
EOG09260931	True	14	14	1862	997	0.5354457572502686	812	712	462	459	-3	0.9935064935064936	0.4591749847529019	0.7528305592297302
EOG092609JB	True	14	14	2493	1011	0.4055354993983153	1578	753	679	595	-84	0.8762886597938144	0.8441899931311235	1.1501543765408841
EOG092609O9	True	14	14	2275	1835	0.8065934065934066	1190	1141	784	773	-11	0.985969387755102	0.6178497202260214	0.7339240342136627
EOG092609RF	True	14	14	1668	1430	0.8573141486810552	963	901	645	636	-9	0.986046511627907	0.7189050732924886	0.7845197296156319
EOG092609YT	True	14	14	2194	1108	0.5050136736554239	1185	631	552	445	-107	0.8061594202898551	0.7087185073188629	0.689741969206537
EOG09260A27	True	14	14	2032	1013	0.4985236220472441	862	699	534	485	-49	0.9082397003745318	0.5381754928265153	0.8674912705833295
EOG09260A6Q	True	14	14	1833	1308	0.7135842880523732	952	880	575	568	-7	0.9878260869565217	0.6141770195607724	0.7992473489031251
EOG09260A98	True	14	14	1360	1216	0.8941176470588236	878	809	607	570	-37	0.9390444810543658	0.7990491391998746	0.8157644587827986
EOG09260ABY	True	14	14	2215	1070	0.48306997742663654	399	367	195	192	-3	0.9846153846153847	0.1509463362711368	0.28478668663641515
EOG09260AEC	True	14	14	750	713	0.9506666666666667	400	383	232	228	-4	0.9827586206896551	0.5604492032090166	0.557660351599065
EOG09260APA	True	14	14	1482	924	0.6234817813765182	1153	791	850	586	-264	0.6894117647058824	1.2638800644428974	1.2517759880526178
EOG09260AQB	True	14	14	1507	985	0.6536164565361645	474	458	258	253	-5	0.9806201550387597	0.29062457230818817	0.42550086330666875
EOG09260AZA	True	14	14	1070	1043	0.974766355140187	366	350	226	217	-9	0.9601769911504425	0.3383030706666028	0.3277502386682556
EOG09260AZK	True	14	14	2162	934	0.4320074005550416	624	496	298	240	-58	0.8053691275167785	0.2699620238390208	0.47773698491716604
EOG09260AZM	True	13	13	2486	1320	0.5309734513274337	787	763	544	536	-8	0.9852941176470589	0.4024985165911774	0.7326721060903306
EOG09260B3H	True	14	14	1504	1274	0.8470744680851063	872	799	587	561	-26	0.9557069846678024	0.7975698645846881	0.8574533812592341
EOG09260B3X	True	10	10	1013	956	0.9437314906219151	593	563	424	419	-5	0.9882075471698113	0.7021595374462531	0.7053501446339606
EOG09260B65	True	14	14	1150	1031	0.8965217391304348	764	749	527	521	-6	0.9886148007590133	0.755175093117174	0.8249229371547725
EOG09260BFE	True	14	14	1595	734	0.46018808777429465	951	636	479	444	-35	0.9269311064718163	0.7665412010691938	1.1648262358399815
EOG09260BL6	True	14	14	2163	1076	0.497457235321313	1171	790	617	562	-55	0.9108589951377634	0.6871275418152827	0.9858803278322904
EOG09260BRA	True	14	14	1388	999	0.7197406340057637	619	532	367	349	-18	0.9509536784741145	0.47433904440065827	0.5641534853391882
EOG09260BSW	True	14	14	1158	1089	0.9404145077720207	616	599	368	357	-11	0.970108695652174	0.5606901645384966	0.5754508841684972
EOG09260BYL	True	14	14	1206	1003	0.8316749585406302	766	662	525	499	-26	0.9504761904761905	0.8665999597099533	0.9103941558439161
EOG09260BZ0	True	14	14	1880	1215	0.6462765957446809	789	733	448	431	-17	0.9620535714285714	0.4376907685597704	0.6192121519065179
EOG09260C2V	True	14	14	866	762	0.8799076212471132	589	570	386	378	-8	0.9792746113989638	0.7849761381917413	0.8595649149769773
EOG09260C5W	True	14	14	2590	2016	0.7783783783783784	1750	1434	1030	1004	-26	0.974757281553398	0.7753484806788566	0.8238621447172207
EOG09260CKC	True	14	14	1315	1227	0.9330798479087452	696	674	419	416	-3	0.9928400954653938	0.5676004978996251	0.5903435202726146
EOG09260CMZ	True	14	14	2502	738	0.2949640287769784	1203	626	700	389	-311	0.5557142857142857	0.6571539112042263	1.0449196890889874
EOG09260DBG	True	14	14	1691	1067	0.6309875813128326	543	538	353	352	-1	0.9971671388101983	0.3566830015776675	0.5592973323167558
EOG09260DFH	True	14	14	1165	1047	0.8987124463519314	782	761	609	598	-11	0.9819376026272578	0.8895298442668468	0.9590921157335095
EOG09260DFJ	True	14	14	1903	1656	0.8702049395691014	1453	1279	1103	1022	-81	0.9265639165911151	1.1796208894468274	1.1982074769903543
EOG09260DP1	True	14	14	1495	1198	0.8013377926421404	723	678	516	490	-26	0.9496124031007752	0.5905803069764619	0.682555377023459
EOG09260DUR	True	14	14	1089	943	0.8659320477502296	471	442	298	297	-1	0.9966442953020134	0.4790940402689561	0.52017728867996
EOG09260DUW	True	14	14	1925	1027	0.5335064935064935	894	852	624	614	-10	0.9839743589743589	0.5823436826134555	1.0391412374122735
EOG09260DXP	True	14	14	1392	1143	0.8211206896551724	525	483	318	297	-21	0.9339622641509434	0.3965185018837048	0.43463680111040925
EOG09260E2O	True	12	12	949	894	0.9420442571127503	505	496	254	253	-1	0.9960629921259843	0.5189259679511902	0.5378096713519847
EOG09260E8K	True	13	13	1153	1071	0.9288811795316565	343	303	197	186	-11	0.9441624365482234	0.28931754475885896	0.2652577052015699
EOG09260EAZ	True	14	14	1423	1226	0.8615600843288826	893	820	556	522	-34	0.9388489208633094	0.6728925280391902	0.6996970444977458
EOG09260EE7	True	13	13	1304	979	0.7507668711656442	609	566	351	348	-3	0.9914529914529915	0.4875170219839042	0.5988289078169098
EOG09260EOI	True	14	14	2324	1543	0.6639414802065404	1487	1091	814	763	-51	0.9373464373464373	0.8226122579193043	0.9047915903173052
EOG09260EPQ	True	14	14	1480	915	0.6182432432432432	518	397	221	214	-7	0.9683257918552036	0.33501608917630993	0.3706895489402624
EOG09260EPS	True	14	14	1885	1307	0.693368700265252	1382	1192	915	873	-42	0.9540983606557377	1.0590787865294127	1.3425826940645011
EOG09260EQD	True	14	14	1511	1210	0.800794176042356	1017	840	614	571	-43	0.9299674267100977	0.8097644584393441	0.8228530746403586
EOG09260ERO	True	14	14	1190	1026	0.8621848739495799	517	426	266	264	-2	0.9924812030075187	0.42620098831802317	0.3917623797323083
EOG09260ETR	True	14	14	1172	1070	0.9129692832764505	549	519	269	266	-3	0.9888475836431226	0.44292477058826984	0.4513799802693982
EOG09260EZT	True	14	14	1560	928	0.5948717948717949	820	542	421	362	-59	0.8598574821852731	0.5951663191094885	0.6591387623232218
EOG09260FFP	True	14	14	1724	704	0.40835266821345706	945	501	433	383	-50	0.8845265588914549	0.6923902502640396	0.9810085059895013
EOG09260FKU	True	14	14	1015	847	0.8344827586206897	701	669	437	426	-11	0.9748283752860412	0.8980304268299056	1.0266407810381122
EOG09260FL2	True	14	14	841	828	0.9845422116527943	471	468	257	255	-2	0.9922178988326849	0.4908127945785639	0.49525827053610705
EOG09260FMW	True	14	14	1885	1495	0.7931034482758621	1043	908	721	670	-51	0.9292649098474342	0.7201418352653163	0.7932132188417462
EOG09260FPA	True	14	14	1416	1316	0.9293785310734464	908	876	617	612	-5	0.9918962722852512	0.7832526219815842	0.8138697699089765
EOG09260FX0	True	12	12	1307	1082	0.827850038255547	918	854	625	594	-31	0.9504	0.9565545364323746	1.0647296732578677
EOG09260FZZ	True	14	14	2445	960	0.39263803680981596	1179	561	317	286	-31	0.9022082018927445	0.4878471875873926	0.5325527639427662
EOG09260GF5	True	14	14	1733	1619	0.9342181188690133	1008	954	638	628	-10	0.9843260188087775	0.6644722161746884	0.6723426114286409
EOG09260GIX	True	14	14	1235	1088	0.8809716599190284	908	830	580	547	-33	0.9431034482758621	0.9339201952398476	0.9575344354492605
EOG09260GKG	True	14	14	963	957	0.9937694704049844	267	265	145	144	-1	0.993103448275862	0.21751389377619518	0.21684083197601545
EOG09260GOF	True	14	14	1244	599	0.4815112540192926	509	371	220	218	-2	0.990909090909091	0.4304485784930111	0.6519545634202979
EOG09260GR8	True	14	14	1298	859	0.6617873651771957	705	556	419	396	-23	0.9451073985680191	0.6116354511266839	0.7180578854006121
EOG09260H6E	True	14	14	849	642	0.7561837455830389	409	388	233	233	0	1.0	0.5284537533493311	0.6642023171818404
EOG09260H81	True	14	14	1514	1185	0.7826948480845443	898	805	554	547	-7	0.9873646209386282	0.7752664063541458	0.890754174861879
EOG09260HMA	True	14	14	1829	870	0.4756697648988518	543	452	261	260	-1	0.9961685823754789	0.2685466546693869	0.46502021265067006
EOG09260HPO	True	14	14	1075	953	0.8865116279069768	460	430	288	283	-5	0.9826388888888888	0.44123281869117326	0.46398116376450943
EOG09260HS3	True	14	14	1233	954	0.7737226277372263	736	581	372	364	-8	0.978494623655914	0.677106044904747	0.6591695229367129
EOG09260HSP	True	14	14	894	836	0.9351230425055929	431	424	237	236	-1	0.9957805907172996	0.4851084874230051	0.5074524188494668
EOG09260IU8	True	14	14	2170	1033	0.47603686635944703	822	789	536	530	-6	0.9888059701492538	0.4401015073796649	0.8867591159437215
EOG09260J53	True	14	14	841	768	0.9131985731272295	342	322	229	221	-8	0.9650655021834061	0.4268950218513396	0.4362851467507422
EOG09260J8F	True	14	14	899	822	0.914349276974416	521	476	370	349	-21	0.9432432432432433	0.6963767893627064	0.6877792128912017
EOG09260J97	True	14	14	1539	838	0.5445094217024041	586	561	384	378	-6	0.984375	0.43714386376183	0.768604036501847
EOG09260JDM	True	14	14	1880	759	0.40372340425531916	1362	557	758	402	-356	0.5303430079155673	1.1043343481780268	1.0099109733746698
EOG09260JED	True	14	14	941	907	0.9638682252922423	362	358	204	203	-1	0.9950980392156863	0.32908771196915104	0.33735277611828146
EOG09260JJW	True	13	13	928	769	0.8286637931034483	602	542	410	402	-8	0.9804878048780488	0.8966913727980814	0.9868551548256317
EOG09260JNY	True	14	14	2871	751	0.2615813305468478	1984	648	1126	527	-599	0.46802841918294846	1.0965769231681446	1.3299616396820177
EOG09260JO5	True	14	14	1671	1361	0.8144823459006583	1038	992	693	691	-2	0.9971139971139971	0.8283486826551947	0.980755472132727
EOG09260JPV	True	14	14	1133	1018	0.8984995586937334	799	755	585	577	-8	0.9863247863247864	0.916645808460554	0.9684973029850186
EOG09260JT9	True	14	14	1013	974	0.9615004935834156	423	413	213	210	-3	0.9859154929577465	0.36780263676973746	0.3705761525189214
EOG09260JTZ	True	14	14	945	920	0.9735449735449735	318	317	195	195	0	1.0	0.28251581098138506	0.2894863249519136
EOG09260K24	True	14	14	744	736	0.989247311827957	386	382	234	233	-1	0.9957264957264957	0.46388072013082854	0.462878278599338
EOG09260K29	True	14	14	1207	547	0.4531897265948633	508	343	216	214	-2	0.9907407407407407	0.4338344169139097	0.6462193892630597
EOG09260K4B	True	13	13	1246	1088	0.8731942215088283	668	585	409	382	-27	0.9339853300733496	0.6326166207673302	0.6252496215513053
EOG09260K4V	True	14	14	1269	1022	0.8053585500394012	576	568	323	321	-2	0.9938080495356038	0.41855499924778483	0.511208423038394
EOG09260K5F	True	14	14	875	731	0.8354285714285714	499	458	269	264	-5	0.9814126394052045	0.547990214316803	0.6015652737068613
EOG09260KCB	True	14	14	973	690	0.7091469681397738	536	503	383	370	-13	0.9660574412532638	0.6714862804892567	0.8844946403141862
EOG09260KCW	True	14	14	1212	788	0.6501650165016502	425	373	253	235	-18	0.9288537549407114	0.37964264778021317	0.4936102958689944
EOG09260KDB	True	13	13	1064	1027	0.9652255639097744	567	553	378	377	-1	0.9973544973544973	0.6483188251418056	0.653914172807154
EOG09260KGS	True	14	14	3000	782	0.26066666666666666	1687	672	908	493	-415	0.5429515418502202	0.7225503964207876	1.1176584668923728
EOG09260KIY	True	14	14	829	660	0.7961399276236429	569	456	343	279	-64	0.8134110787172012	0.8441528449915744	0.779543471285775
EOG09260KM4	True	14	14	2101	411	0.19562113279390766	656	311	239	227	-12	0.9497907949790795	0.36405935076487095	1.0842487272097512
EOG09260KNI	True	11	11	511	421	0.8238747553816047	278	266	176	171	-5	0.9715909090909091	0.5991943996639155	0.6911318092079812
EOG09260KNR	True	14	14	913	738	0.8083242059145673	565	463	401	339	-62	0.8453865336658354	0.8645855261042407	0.835136652234142
EOG09260KUC	True	12	12	1147	909	0.7925021795989537	501	464	296	283	-13	0.956081081081081	0.47338993681476027	0.5477681460315574
EOG09260KWP	True	14	14	1266	1142	0.9020537124802528	681	644	460	446	-14	0.9695652173913043	0.6573755823157796	0.6886962902830756
EOG09260LBU	True	7	7	776	772	0.9948453608247423	200	199	120	119	-1	0.9916666666666667	0.2389835716104618	0.23892649167061963
EOG09260LI6	True	14	14	1201	1123	0.9350541215653622	652	613	397	376	-21	0.947103274559194	0.612835565431442	0.6036500398135384
EOG09260LJ8	True	14	14	1302	672	0.5161290322580645	624	511	341	332	-9	0.9736070381231672	0.6845027365365501	1.1173478685575948
EOG09260LRX	True	14	14	1409	1021	0.7246273953158269	707	674	454	441	-13	0.9713656387665198	0.5836576320149872	0.7592905555083632
EOG09260LS9	True	11	11	529	302	0.5708884688090737	208	192	143	141	-2	0.986013986013986	0.5373536836418216	0.8634193944313281
EOG09260LVD	True	14	14	1671	906	0.5421903052064632	886	669	556	518	-38	0.9316546762589928	0.7791390685618766	1.1469160754586327
EOG09260M44	True	14	14	1557	960	0.6165703275529865	1093	849	647	623	-24	0.9629057187017002	0.9800770715711874	1.2701031706814903
EOG09260M87	True	14	14	1570	920	0.5859872611464968	597	441	286	282	-4	0.986013986013986	0.3936247251321204	0.4984752700665835
EOG09260MBW	True	14	14	1230	992	0.8065040650406504	676	655	457	449	-8	0.9824945295404814	0.6443397980353036	0.7733904252122538
EOG09260MRU	True	14	14	1080	908	0.8407407407407408	503	472	288	275	-13	0.9548611111111112	0.47644265850466005	0.5278853763984873
EOG09260N2T	True	14	14	1168	1099	0.9409246575342466	834	826	556	556	0	1.0	0.9885286575443776	1.0437595059212976
EOG09260N53	True	14	14	936	813	0.8685897435897436	424	400	229	220	-9	0.9606986899563319	0.4459068769425709	0.474925669991369
EOG09260NAN	True	14	14	1730	734	0.42427745664739885	1267	637	772	455	-317	0.5893782383419689	1.0532183105896955	1.1443867698328778
EOG09260NC6	True	14	14	905	794	0.8773480662983425	451	420	281	268	-13	0.9537366548042705	0.5097745192721529	0.5213454418156829
EOG09260NE0	True	13	13	796	577	0.7248743718592965	542	469	340	319	-21	0.9382352941176471	0.9066055209195444	1.0867638586896864
EOG09260NHB	True	12	12	4101	1199	0.29236771519141674	2072	1010	1212	735	-477	0.6064356435643564	0.7299329856778335	1.184337626044928
EOG09260NHN	True	14	14	1868	1141	0.610813704496788	681	569	387	365	-22	0.9431524547803618	0.4139174824530797	0.567312300381302
EOG09260NJW	True	14	14	1259	1130	0.897537728355838	609	550	352	335	-17	0.9517045454545454	0.5138089455137312	0.5054040379709931
EOG09260NNR	True	14	14	1149	1044	0.9086161879895561	591	550	396	396	0	1.0	0.7364474498000705	0.7668700481352282
EOG09260NWN	True	14	14	1510	1375	0.9105960264900662	856	812	518	517	-1	0.9980694980694981	0.6456172436081207	0.6750467669115566
EOG09260NXC	True	14	14	2227	996	0.4472384373596767	876	616	412	355	-57	0.8616504854368932	0.3966437935528565	0.6071529724745719
EOG09260NXJ	True	14	14	2322	929	0.4000861326442722	1146	683	638	416	-222	0.6520376175548589	0.5650075320287445	0.8576891204319823
EOG09260NY2	True	14	14	910	742	0.8153846153846154	480	383	203	196	-7	0.9655172413793104	0.49833892001750985	0.46614979700350073
EOG09260NZ8	True	14	14	878	624	0.7107061503416856	470	398	287	283	-4	0.9860627177700348	0.6483150303602413	0.7910947209605154
EOG09260OCI	True	14	14	1399	985	0.7040743388134382	767	662	459	446	-13	0.971677559912854	0.6492394301897549	0.7814639537990573
EOG09260OE9	True	14	14	2712	1389	0.5121681415929203	1623	1081	863	811	-52	0.9397450753186558	0.7803896290251012	1.1125931742369901
EOG09260OLB	True	14	14	1461	853	0.5838466803559206	691	613	451	435	-16	0.9645232815964523	0.5923840871713469	0.9062908987784304
EOG09260OM6	True	13	13	819	753	0.9194139194139194	249	239	142	142	0	1.0	0.28668856821534155	0.29925184172942526
EOG09260OQ8	True	13	13	1401	959	0.6845110635260528	716	653	413	413	0	1.0	0.5585024145763379	0.7499840890416276
EOG09260OZU	True	13	13	3159	1007	0.31877176321620765	2166	879	1284	673	-611	0.5241433021806854	1.097933736171975	1.3605487850575073
EOG09260P2K	True	14	14	1307	1170	0.8951798010711554	910	873	569	558	-11	0.9806678383128296	0.8330399563517968	0.8956156566795397
EOG09260P5R	True	14	14	1773	1386	0.7817258883248731	1212	1036	759	707	-52	0.9314888010540184	0.8538256511698693	0.9321295673465839
EOG09260PI1	True	14	14	1133	813	0.7175639894086496	678	505	343	313	-30	0.9125364431486881	0.7037501765354123	0.6863490389534973
EOG09260PJ9	True	14	14	2362	885	0.3746824724809483	1565	669	904	474	-430	0.5243362831858407	1.014042075060977	1.020446941767452
EOG09260QNB	True	14	14	797	752	0.9435382685069009	449	443	287	286	-1	0.9965156794425087	0.6003201639790064	0.625885537583456
EOG09260QVP	True	13	13	2493	980	0.39310068190934616	1051	769	572	566	-6	0.9895104895104895	0.5174491669459449	1.0240188074376009
EOG09260R84	True	14	14	1588	1109	0.6983627204030227	976	868	672	644	-28	0.9583333333333334	0.7764586391302077	0.9888894114572332
EOG09260R9L	True	14	14	1389	985	0.709143268538517	453	413	245	240	-5	0.9795918367346939	0.3012190874864539	0.38158058465184747
EOG09260RGH	True	14	14	1067	952	0.8922211808809747	633	600	388	387	-1	0.9974226804123711	0.712856116233601	0.7583937426960831
EOG09260RNZ	True	6	6	1862	792	0.4253490870032223	891	622	259	197	-62	0.7606177606177607	0.5796469811803263	0.9031924587056057
EOG09260RRC	True	14	14	962	828	0.8607068607068608	429	399	233	231	-2	0.9914163090128756	0.43108849901712365	0.46523152502243936
EOG09260RRN	True	14	14	1447	1091	0.7539737387698687	537	491	332	327	-5	0.9849397590361446	0.4364274887346212	0.5311252654620101
EOG09260RS7	True	13	13	1422	681	0.47890295358649787	676	513	323	318	-5	0.9845201238390093	0.5175506136125355	0.8484708714784159
EOG09260RVQ	True	13	13	1547	1061	0.6858435681965094	867	750	548	525	-23	0.958029197080292	0.6801313199668867	0.8584039137131446
EOG09260S2Z	True	14	14	1313	837	0.6374714394516374	623	502	319	313	-6	0.9811912225705329	0.4722203483276252	0.5888057210818833
EOG09260S3L	True	14	14	949	896	0.9441517386722866	608	595	435	435	0	1.0	0.7976534524366806	0.8299437729751877
EOG09260S5R	True	14	14	1044	603	0.5775862068965517	432	361	213	198	-15	0.9295774647887324	0.4267123886836502	0.5863029971956888
EOG09260SAH	True	14	14	1123	784	0.6981300089047195	676	561	424	394	-30	0.9292452830188679	0.7771256526819176	0.9267291477357635
EOG09260SIZ	True	14	14	937	742	0.791889007470651	431	424	292	291	-1	0.9965753424657534	0.5010590584073822	0.6222798799197917
EOG09260SJV	True	14	14	1180	1030	0.8728813559322034	772	718	488	467	-21	0.9569672131147541	0.7784860202717514	0.8152747045132954
EOG09260SL3	True	14	14	1176	772	0.6564625850340136	345	345	175	175	0	1.0	0.2626137198673648	0.4000436976217889
EOG09260SR2	True	14	14	1088	1016	0.9338235294117647	829	820	473	472	-1	0.9978858350951374	0.8628104396871672	0.9147351374915398
EOG09260SRF	True	14	14	705	694	0.9843971631205674	153	152	78	78	0	1.0	0.16073163247862007	0.16183832982338206
EOG09260T28	True	14	14	898	879	0.9788418708240535	382	377	197	196	-1	0.9949238578680203	0.3889538281144218	0.39146957927509435
EOG09260T4S	True	14	14	1239	937	0.7562550443906376	799	664	479	454	-25	0.9478079331941545	0.8764221744848008	0.9847839710158084
EOG09260TDY	True	11	11	1096	805	0.7344890510948905	710	626	413	390	-23	0.9443099273607748	0.9033042872824729	1.0893695373936005
EOG09260THV	True	14	14	457	445	0.973741794310722	281	274	164	163	-1	0.9939024390243902	0.6227380329829358	0.6214543160796702
EOG09260TLW	True	14	14	2190	754	0.34429223744292237	592	396	243	241	-2	0.9917695473251029	0.2816683173858277	0.5123773707579252
EOG09260TPT	True	14	14	1327	886	0.66767143933685	791	685	501	479	-22	0.9560878243512974	0.830969969656754	1.0860206194289626
EOG09260TUT	True	14	14	1184	650	0.5489864864864865	465	381	206	205	-1	0.9951456310679612	0.38469395537522894	0.5595750625171809
EOG09260TVA	True	14	14	758	752	0.9920844327176781	217	216	130	129	-1	0.9923076923076923	0.2534473806967573	0.2535429507080011
EOG09260TWS	True	14	14	2636	702	0.26631259484066766	1154	491	475	345	-130	0.7263157894736842	0.5357732315796225	0.8651421926009905
EOG09260U6R	True	14	14	1506	1046	0.6945551128818062	615	579	402	385	-17	0.9577114427860697	0.45679980464385567	0.6050137360986315
EOG09260UA2	True	14	14	747	642	0.8594377510040161	382	336	217	210	-7	0.967741935483871	0.5234161565374005	0.517192451466369
EOG09260UJK	True	13	13	901	693	0.7691453940066593	591	541	321	320	-1	0.9968847352024922	0.811921734868575	0.97197433988109
EOG09260UXC	True	13	13	2252	932	0.413854351687389	1102	714	554	507	-47	0.9151624548736462	0.6906879742637141	1.123542768297551
EOG09260V5Q	True	14	14	1076	848	0.7881040892193308	565	548	308	306	-2	0.9935064935064936	0.593448961682808	0.7253880515350678
EOG09260V8Q	True	14	14	1016	875	0.8612204724409449	634	589	418	410	-8	0.9808612440191388	0.7805526913593782	0.849098159029753
EOG09260VCG	True	14	14	736	663	0.9008152173913043	506	485	364	357	-7	0.9807692307692307	0.8856973159340202	0.9332950004106768
EOG09260VEY	True	14	14	2129	959	0.4504462188821043	985	770	577	563	-14	0.975736568457539	0.6143628330558125	1.1225888802456008
EOG09260VHV	True	14	14	1002	783	0.781437125748503	543	489	342	324	-18	0.9473684210526315	0.625389856458369	0.7057795620856597
EOG09260VTA	True	13	13	697	600	0.860832137733142	273	266	188	188	0	1.0	0.39859081633849536	0.4503880608120168
EOG09260VTN	True	14	14	2567	1401	0.5457732761978964	1149	1066	750	725	-25	0.9666666666666667	0.6133338302484456	1.044908696340114
EOG09260VYK	True	13	13	675	579	0.8577777777777778	373	335	241	231	-10	0.9585062240663901	0.6262289081505438	0.6346041161295791
EOG09260W52	True	14	14	1993	1114	0.5589563472152533	1163	865	655	634	-21	0.9679389312977099	0.7479779417250166	1.0452318654395352
EOG09260W8D	True	14	14	1332	417	0.3130630630630631	811	313	496	236	-260	0.47580645161290325	0.9817290460953089	0.990303006626199
EOG09260W9L	True	14	14	1404	1178	0.8390313390313391	844	818	555	552	-3	0.9945945945945946	0.7470103457908458	0.8628308763368521
EOG09260WCZ	True	14	14	1233	1099	0.8913219789132197	790	762	542	538	-4	0.992619926199262	0.7994254705799161	0.8644693562493522
EOG09260WG2	True	14	14	1555	795	0.5112540192926045	395	356	230	225	-5	0.9782608695652174	0.254940663876812	0.4459242149835336
EOG09260WGT	True	14	14	1921	763	0.3971889640812077	582	570	339	339	0	1.0	0.3406356296962091	0.8410973594647416
EOG09260WU6	True	14	14	1060	817	0.7707547169811321	551	504	320	303	-17	0.946875	0.6289930018931692	0.7357951249846348
EOG09260WUA	True	14	14	1670	939	0.5622754491017964	858	773	542	537	-5	0.9907749077490775	0.6903837192825903	1.1188653406962283
EOG09260WUS	True	14	14	889	863	0.9707536557930259	519	510	300	296	-4	0.9866666666666667	0.559834847772421	0.5646353247289031
EOG09260WYQ	True	13	13	756	610	0.8068783068783069	382	303	267	232	-35	0.8689138576779026	0.5955899947880103	0.5807633381980809
EOG09260XH5	True	14	14	647	562	0.8686244204018547	448	406	319	313	-6	0.9811912225705329	1.0295569054146472	1.1000795029688957
EOG09260XL0	True	14	14	1340	651	0.48582089552238805	807	356	364	227	-137	0.6236263736263736	0.7235509252637571	0.5640294974411508
EOG09260XMI	True	14	14	831	733	0.8820697954271961	446	432	290	286	-4	0.9862068965517241	0.5515818030527833	0.5995703243342662
EOG09260XOG	True	14	14	755	727	0.9629139072847682	287	272	151	146	-5	0.9668874172185431	0.3583259848274672	0.34835305632085967
EOG09260XQV	True	14	14	810	726	0.8962962962962963	585	531	423	395	-28	0.933806146572104	1.0592449079721407	1.0638785791029806
EOG09260XSR	True	11	11	2663	879	0.33007885843034174	1415	781	539	360	-179	0.6679035250463822	0.700755162940104	1.0803770197767482
EOG09260Y2Q	True	14	14	541	490	0.9057301293900185	207	204	119	118	-1	0.9915966386554622	0.3558986995898404	0.3860457407849337
EOG09260YMF	True	14	14	989	774	0.782608695652174	540	462	305	281	-24	0.921311475409836	0.6501752993697854	0.6961395021228072
EOG09260Z3X	True	14	14	701	677	0.9657631954350927	324	309	187	180	-7	0.9625668449197861	0.43428397693864573	0.4220081234868684
EOG09260Z5E	True	14	14	1021	968	0.9480901077375122	602	599	331	328	-3	0.9909365558912386	0.5524016034233115	0.5770871034364954
EOG09260ZG2	True	12	12	984	644	0.6544715447154471	572	449	319	289	-30	0.9059561128526645	0.8325427578483434	0.9990798737297505
EOG09260ZWU	True	14	14	833	792	0.9507803121248499	253	243	111	109	-2	0.9819819819819819	0.2560768499803259	0.2533850896604882
EOG09261031	True	13	13	599	511	0.8530884808013356	384	381	260	260	0	1.0	0.836123776314597	0.9742429393589895
EOG092610KH	True	13	13	2846	626	0.21995783555867884	483	300	195	194	-1	0.9948717948717949	0.17353893400211526	0.4982384889737709
EOG092610LP	True	12	12	932	706	0.7575107296137339	530	508	322	321	-1	0.9968944099378882	0.7040267749398077	0.8923620250021999
EOG092610LQ	True	14	14	1404	833	0.5933048433048433	652	608	450	432	-18	0.96	0.6250178589252402	0.9825550292771501
EOG092610QT	True	13	13	763	671	0.8794233289646134	622	595	444	440	-4	0.990990990990991	1.214410883295601	1.3328683381917166
EOG092610TN	True	14	14	901	879	0.9755826859045506	354	343	208	205	-3	0.9855769230769231	0.3684985380825066	0.3614445080754116
EOG092610VI	True	14	14	1753	1182	0.6742726754135767	929	840	574	565	-9	0.9843205574912892	0.6892469014533391	0.9321109878400614
EOG092610ZY	True	14	14	1617	1105	0.6833642547928263	592	573	323	320	-3	0.9907120743034056	0.3543120293224166	0.49881811562543216
EOG09261127	True	14	14	687	604	0.8791848617176128	138	126	84	84	0	1.0	0.1736074753301211	0.17811609085508717
EOG0926112A	True	14	14	1173	1087	0.9266837169650469	582	548	322	312	-10	0.968944099378882	0.45400303970446204	0.4537105453547195
EOG09261145	True	13	13	584	576	0.9863013698630136	216	211	111	109	-2	0.9819819819819819	0.3402675127020221	0.33482853886785974
EOG0926115P	True	14	14	1123	816	0.7266251113089938	711	595	399	384	-15	0.9624060150375939	0.835373282263132	0.9728833235698351
EOG0926115V	True	14	14	656	617	0.9405487804878049	432	416	266	263	-3	0.9887218045112782	0.7766307929100839	0.7963757479071375
EOG092611G7	True	12	12	2070	800	0.3864734299516908	1066	600	421	418	-3	0.9928741092636579	0.6130588564770357	0.9833766928521135
EOG092611HB	True	14	14	880	700	0.7954545454545454	437	392	227	215	-12	0.947136563876652	0.49423904460277673	0.5387901228586162
EOG09261225	True	14	14	770	686	0.8909090909090909	213	206	127	127	0	1.0	0.28874097941551147	0.313627296546691
EOG0926129I	True	14	14	914	845	0.9245076586433261	562	547	348	347	-1	0.9971264367816092	0.6757332951794686	0.707417563478439
EOG092612AK	True	14	14	1353	850	0.6282335550628233	770	479	389	297	-92	0.7634961439588689	0.6264847455670199	0.5460922614132409
EOG092612CC	True	14	14	753	392	0.5205843293492696	411	220	206	171	-35	0.8300970873786407	0.7220546530633248	0.798009650606131
EOG092612J3	True	14	14	1054	616	0.5844402277039848	682	499	383	359	-24	0.9373368146214099	0.7718685972832409	0.9672547988682513
EOG092612LP	True	14	14	2182	770	0.3528872593950504	567	487	285	280	-5	0.9824561403508771	0.26630200399597836	0.6450548838674816
EOG092612MY	True	13	13	1143	1018	0.8906386701662292	697	670	466	463	-3	0.9935622317596566	0.8004798495128	0.8617993330372231
EOG092612XD	True	13	13	1556	1081	0.6947300771208226	835	781	570	557	-13	0.9771929824561404	0.7195237910825414	0.9690490264609186
EOG0926131E	True	14	14	519	402	0.7745664739884393	204	182	128	119	-9	0.9296875	0.4987945632956376	0.5534515281563669
EOG0926133I	True	14	14	2158	620	0.2873030583873957	669	356	250	239	-11	0.956	0.3241896243816296	0.5845929713950024
EOG0926137U	True	14	14	1007	920	0.913604766633565	555	520	295	289	-6	0.9796610169491525	0.5353852945726776	0.540553527627712
EOG092613QA	True	14	14	1209	750	0.6203473945409429	777	650	483	475	-8	0.9834368530020704	0.9151757515455916	1.2767208646521628
EOG092613R2	True	13	13	881	838	0.9511918274687855	513	501	358	355	-3	0.9916201117318436	0.6994507070890393	0.7161004517853109
EOG092613S3	True	14	14	784	651	0.8303571428571429	444	400	261	255	-6	0.9770114942528736	0.6591215046918467	0.7059501559592899
EOG092613UB	True	14	14	2748	1701	0.618995633187773	1553	1356	1052	1036	-16	0.9847908745247148	0.8244441368039928	1.198162396829047
EOG09261404	True	14	14	2161	1114	0.5155020823692735	1056	741	572	509	-63	0.8898601398601399	0.544754114949951	0.7446506267883012
EOG0926140Q	True	14	14	1721	648	0.3765252760023242	211	178	88	86	-2	0.9772727272727273	0.10152441795284824	0.21594310201808797
EOG0926142H	True	14	14	941	691	0.7343251859723698	453	391	232	218	-14	0.9396551724137931	0.5045950307286365	0.5809809074976413
EOG0926142Y	True	11	11	1046	692	0.6615678776290631	433	396	185	185	0	1.0	0.4342757815571253	0.5996933598298593
EOG0926146A	True	14	14	1420	1089	0.7669014084507042	817	646	534	484	-50	0.9063670411985019	0.7773151189176344	0.8019691788805774
EOG09261476	True	14	14	1453	1106	0.7611837577426015	1005	811	578	540	-38	0.9342560553633218	0.8634714622272937	0.9200471556888395
EOG092614DJ	True	14	14	843	597	0.708185053380783	497	455	319	312	-7	0.9780564263322884	0.798982837270706	1.038574359842993
EOG092614E6	True	14	14	676	637	0.9423076923076923	144	144	86	86	0	1.0	0.16207873207542736	0.17200191975351475
EOG092614O9	True	14	14	1864	1135	0.6089055793991416	957	758	594	584	-10	0.9831649831649831	0.7226302939086704	0.9818084147386534
EOG092614UB	True	14	14	1366	674	0.493411420204978	483	443	326	300	-26	0.9202453987730062	0.4457335547601682	0.8191518680752916
EOG092614ZG	True	14	14	1339	565	0.42195668409260645	627	377	321	248	-73	0.7725856697819314	0.5994760844647358	0.8361280452813017
EOG0926158Y	True	14	14	1689	805	0.47661338069863823	730	628	500	487	-13	0.974	0.6242747512537954	1.1776955582781699
EOG092615CC	True	14	14	1049	918	0.8751191611058151	634	610	418	408	-10	0.9760765550239234	0.7050622097531166	0.767808928111201
EOG092615IE	True	14	14	774	707	0.91343669250646	447	402	279	264	-15	0.946236559139785	0.670030122401914	0.6531927548394989
EOG092615SM	True	14	14	917	801	0.8735005452562704	607	539	350	336	-14	0.96	0.7227578971635182	0.724258973164838
EOG092615Y4	True	14	14	876	599	0.6837899543378996	516	348	196	185	-11	0.9438775510204082	0.7157143720065993	0.6584076600008286
EOG09261660	True	13	13	803	649	0.8082191780821918	535	508	358	348	-10	0.9720670391061452	0.7934627425962839	0.9340582883621734
EOG09261666	True	14	14	2038	669	0.3282630029440628	839	456	268	265	-3	0.9888059701492538	0.4384878913140826	0.7502117835815378
EOG092616QN	True	14	14	921	858	0.9315960912052117	424	421	220	220	0	1.0	0.3896950031177212	0.4153565170770102
EOG092616YZ	True	14	14	837	799	0.954599761051374	347	334	204	204	0	1.0	0.4047986472175531	0.40339977558854007
EOG09261727	True	14	14	1691	1179	0.6972205795387345	1000	788	584	542	-42	0.928082191780822	0.7586828949369113	0.8631188210459697
EOG092617AN	True	14	14	1614	1163	0.7205700123915737	632	596	409	397	-12	0.9706601466992665	0.4481640472644245	0.5810383595769207
EOG092617RN	True	13	13	671	584	0.8703427719821163	270	261	73	70	-3	0.958904109589041	0.24555211787651413	0.2702004502503976
EOG092617RY	True	14	14	702	645	0.9188034188034188	456	437	260	256	-4	0.9846153846153847	0.672527395538722	0.6987316934959378
EOG092617S2	True	11	11	832	676	0.8125	438	374	254	248	-6	0.9763779527559056	0.619642271110705	0.6495820895362902
EOG09261801	True	13	13	755	654	0.866225165562914	428	376	268	254	-14	0.9477611940298507	0.6841546244927355	0.6812876239834593
EOG092618J9	True	14	14	1366	626	0.4582723279648609	443	354	244	241	-3	0.9877049180327869	0.36059207576563074	0.6447536976550357
EOG092618M2	True	14	14	1656	1150	0.6944444444444444	938	743	536	518	-18	0.9664179104477612	0.7026785918160067	0.8253598405127536
EOG092618UZ	True	14	14	923	774	0.838569880823402	696	638	491	466	-25	0.9490835030549898	1.0442045400543989	1.1407669055673053
EOG0926195C	True	14	14	651	559	0.858678955453149	380	364	251	250	-1	0.9960159362549801	0.6590485354021142	0.7390858959724036
EOG092619EA	True	14	14	653	630	0.9647779479326187	306	292	183	182	-1	0.994535519125683	0.5148042253075634	0.508295448663919
EOG092619GP	True	14	14	1057	613	0.5799432355723746	625	383	261	228	-33	0.8735632183908046	0.650807624090188	0.7024074289384242
EOG092619L1	True	13	13	2153	602	0.2796098467254993	505	492	240	238	-2	0.9916666666666667	0.23704949640635561	0.8237660331065932
EOG092619MJ	True	14	14	727	699	0.9614855570839065	333	326	216	209	-7	0.9675925925925926	0.43482652662020643	0.4344915269907553
EOG092619NK	True	13	13	1004	651	0.648406374501992	282	262	115	115	0	1.0	0.2230837225197487	0.31594987557520826
EOG092619RJ	True	14	14	1072	735	0.6856343283582089	551	497	271	260	-11	0.959409594095941	0.5304721489942176	0.6786890698034477
EOG092619VG	True	13	13	1262	829	0.6568938193343898	868	690	510	472	-38	0.9254901960784314	0.8978395586087377	1.1199210602732248
EOG09261A3K	True	14	14	1161	1054	0.9078380706287683	457	435	175	166	-9	0.9485714285714286	0.2724586220945019	0.27799100749769856
EOG09261ABB	True	14	14	1223	756	0.6181520850367948	467	393	266	259	-7	0.9736842105263158	0.43722164682228853	0.6005355767866477
EOG09261ACJ	True	13	13	1041	725	0.696445725264169	609	529	303	300	-3	0.9900990099009901	0.6237614686650991	0.7776291333661944
EOG09261AH9	True	14	14	619	614	0.9919224555735057	163	163	82	82	0	1.0	0.21107486369708323	0.2127937143786556
EOG09261AMX	True	14	14	699	657	0.9399141630901288	283	270	171	165	-6	0.9649122807017544	0.4102941232818879	0.4120468040490498
EOG09261B14	True	14	14	1250	960	0.768	777	672	498	454	-44	0.9116465863453815	0.7958987149466544	0.8832867468373145
EOG09261B18	True	14	14	1306	910	0.6967840735068913	592	556	371	361	-10	0.9730458221024259	0.49752945138377797	0.6617136959812447
EOG09261B3Q	True	14	14	888	776	0.8738738738738738	591	564	339	331	-8	0.976401179941003	0.7502466036978176	0.816618214192651
EOG09261B6Y	True	14	14	1652	536	0.324455205811138	406	377	292	286	-6	0.9794520547945206	0.3163087314827748	0.8945229847941251
EOG09261BP0	True	14	14	860	722	0.8395348837209302	618	559	430	419	-11	0.9744186046511628	1.0512235776647803	1.1432384174728278
EOG09261BPJ	True	14	14	1905	1111	0.5832020997375328	823	756	501	480	-21	0.9580838323353293	0.5270176420491975	0.8300207712931302
EOG09261C0G	True	14	14	994	862	0.8672032193158954	527	469	280	258	-22	0.9214285714285714	0.5451136257296301	0.5376316786548
EOG09261CM0	True	14	14	928	662	0.7133620689655172	456	438	321	315	-6	0.9813084112149533	0.6465775158360465	0.8645545736881691
EOG09261CQG	True	14	14	591	589	0.9966159052453468	286	284	179	179	0	1.0	0.4625525886913382	0.4606136659223183
EOG09261CWO	True	14	14	1261	841	0.6669310071371927	731	553	350	338	-12	0.9657142857142857	0.648982692095189	0.7053822440902767
EOG09261CXQ	True	14	14	1127	781	0.6929902395740906	398	385	231	224	-7	0.9696969696969697	0.36192662764483435	0.4972451398386351
EOG09261D4D	True	9	9	656	590	0.899390243902439	434	418	269	269	0	1.0	0.949465799388104	1.0207319884841501
EOG09261DG0	True	14	14	1943	1335	0.6870818322182193	1381	1144	972	858	-114	0.8827160493827161	1.054155936573381	1.2797501230317214
EOG09261DGU	True	14	14	900	657	0.73	295	254	163	150	-13	0.9202453987730062	0.34854850619747835	0.385268256637512
EOG09261DHR	True	14	14	890	576	0.647191011235955	393	350	226	218	-8	0.9646017699115044	0.47297591570277453	0.6492896696390422
EOG09261DJC	True	9	9	922	462	0.5010845986984815	645	379	325	227	-98	0.6984615384615385	1.053753221081205	1.1910965124553095
EOG09261DRB	True	12	12	2284	456	0.19964973730297722	1153	397	518	253	-265	0.48841698841698844	0.7247450394168259	1.1537480662661332
EOG09261DW8	True	13	13	932	539	0.5783261802575107	309	302	182	178	-4	0.978021978021978	0.3599479790830503	0.6019982417869559
EOG09261EAB	True	14	14	637	566	0.8885400313971743	326	307	243	234	-9	0.9629629629629629	0.5994547676403233	0.6311805262060931
EOG09261EM7	True	14	14	1163	710	0.6104901117798797	756	575	481	457	-24	0.9501039501039501	0.9564374717063016	1.2692876743122843
EOG09261EMF	True	14	14	921	667	0.7242128121606949	556	466	359	326	-33	0.9080779944289693	0.7087045177408076	0.8037905393601483
EOG09261EU7	True	14	14	944	821	0.8697033898305084	472	457	326	320	-6	0.9815950920245399	0.6272279255973037	0.6956483000395399
EOG09261EY9	True	13	13	1408	866	0.6150568181818182	892	669	542	522	-20	0.9630996309963099	0.9056087787276148	1.1636615342761545
EOG09261F73	True	11	11	758	615	0.8113456464379947	308	280	162	159	-3	0.9814814814814815	0.5167988179970413	0.581490587524935
EOG09261F9G	True	13	13	381	225	0.5905511811023622	159	152	108	108	0	1.0	0.5885013921424367	0.9648466820548782
EOG09261FAB	True	14	14	631	504	0.7987321711568938	418	370	261	248	-13	0.9501915708812261	0.8723058251744356	0.9461549840523837
EOG09261FAX	True	14	14	1084	680	0.6273062730627307	719	493	404	344	-60	0.8514851485148515	0.9185983783463317	0.9823692019767624
EOG09261FH7	True	14	14	1140	642	0.5631578947368421	670	467	223	218	-5	0.9775784753363229	0.5213818536730795	0.6304806418729221
EOG09261FM4	True	13	13	638	582	0.9122257053291536	427	394	322	305	-17	0.9472049689440993	0.8945688920494425	0.8920348074171527
EOG09261G1Y	True	13	13	1242	704	0.5668276972624798	140	138	89	87	-2	0.9775280898876404	0.09599059324106984	0.16439975094187173
EOG09261G4Z	True	13	13	813	673	0.8277982779827798	503	445	348	321	-27	0.9224137931034483	0.8392914628156237	0.8906589776551727
EOG09261G92	True	14	14	580	468	0.8068965517241379	300	272	198	192	-6	0.9696969696969697	0.627349912438363	0.709597160380996
EOG09261H5E	True	14	14	898	710	0.7906458797327395	619	516	451	401	-50	0.8891352549889135	1.059889697751528	1.1124018845740868
EOG09261HB6	True	14	14	849	504	0.5936395759717314	401	312	217	199	-18	0.9170506912442397	0.5235534500657921	0.6613875190706722
EOG09261HM3	True	14	14	557	542	0.9730700179533214	112	106	50	50	0	1.0	0.15229259316371252	0.14742273284531363
EOG09261HQU	True	14	14	1637	874	0.5339034819792303	777	521	409	383	-26	0.9364303178484108	0.6294353829033754	0.8372810141846323
EOG09261HZD	True	13	13	643	568	0.8833592534992224	365	348	265	259	-6	0.9773584905660377	0.7212769158228051	0.776735066528677
EOG09261I0F	True	14	14	673	567	0.8424962852897474	434	399	312	298	-14	0.9551282051282052	0.8568312752151228	0.9221846111503039
EOG09261I1G	True	14	14	1633	837	0.5125535823637477	714	668	498	486	-12	0.9759036144578314	0.6154434172125063	1.1253578523613976
EOG09261I1I	True	14	14	1266	1010	0.7977883096366508	774	645	518	455	-63	0.8783783783783784	0.7862320852163124	0.8092591769471892
EOG09261I8J	True	3	3	7113	443	0.06228033178686911	417	161	0	0	0		0.058827515955471185	0.3564951093650527
EOG09261IBJ	True	14	14	856	817	0.9544392523364486	507	492	360	355	-5	0.9861111111111112	0.7236492101971297	0.7322542156324886
EOG09261ICI	True	13	13	994	507	0.5100603621730382	528	345	249	231	-18	0.927710843373494	0.6750426713594058	0.8711232720308599
EOG09261IEH	True	14	14	673	600	0.8915304606240714	362	330	227	208	-19	0.9162995594713657	0.5925526924642314	0.5905270836967162
EOG09261IEV	True	14	14	677	558	0.8242245199409158	412	385	298	286	-12	0.959731543624161	0.7959815217698218	0.9115362374468524
EOG09261IFQ	True	14	14	1975	734	0.3716455696202532	730	573	459	431	-28	0.9389978213507625	0.5018468478149107	1.0811066801011042
EOG09261IOS	True	14	14	1055	821	0.7781990521327015	610	502	396	348	-48	0.8787878787878788	0.7667677322608077	0.7932618093684428
EOG09261J0P	True	14	14	1377	594	0.43137254901960786	403	167	71	70	-1	0.9859154929577465	0.2677686105001358	0.22279572995954133
EOG09261JCQ	True	14	14	702	622	0.886039886039886	412	383	260	260	0	1.0	0.7696279860333322	0.8182141819745782
EOG09261JR0	True	14	14	1028	528	0.5136186770428015	451	318	249	221	-28	0.8875502008032129	0.5873443805451907	0.8286766577027839
EOG09261JUE	True	14	14	851	558	0.6556991774383079	233	145	82	79	-3	0.9634146341463414	0.25634996952929684	0.22055713387944795
EOG09261JVS	True	14	14	905	620	0.6850828729281768	486	371	257	249	-8	0.9688715953307393	0.6113591771079641	0.6705831582889632
EOG09261JWS	True	14	14	852	807	0.9471830985915493	311	294	178	170	-8	0.9550561797752809	0.3873210655016369	0.37925150098793914
EOG09261K9J	True	14	14	865	764	0.8832369942196532	468	431	261	257	-4	0.9846743295019157	0.5197666469881739	0.5388626203333715
EOG09261KHB	True	14	14	525	511	0.9733333333333334	90	84	44	41	-3	0.9318181818181818	0.1382540485171623	0.12436777045825728
EOG09261KRX	True	14	14	1210	548	0.45289256198347105	634	353	255	238	-17	0.9333333333333333	0.6351114992510674	0.8164785618594479
EOG09261KZ6	True	14	14	715	672	0.9398601398601398	369	342	230	221	-9	0.9608695652173913	0.5803828312121991	0.5656712808850022
EOG09261L4M	True	13	13	1514	689	0.45508586525759576	502	444	284	280	-4	0.9859154929577465	0.4028630229475991	0.7841213300005341
EOG09261LEU	True	14	14	739	600	0.8119079837618404	416	412	248	248	0	1.0	0.6465530761407303	0.7880045387799994
EOG09261LPY	True	13	13	846	594	0.7021276595744681	427	355	225	210	-15	0.9333333333333333	0.5337283125171745	0.6152357522512794
EOG09261LV7	True	14	14	1138	652	0.5729349736379613	411	397	258	258	0	1.0	0.3534053325456329	0.5937747968229011
EOG09261M4S	True	13	13	644	506	0.7857142857142857	292	271	192	191	-1	0.9947916666666666	0.5134101605133591	0.5978650365330381
EOG09261M78	True	14	14	591	477	0.8071065989847716	188	180	107	107	0	1.0	0.2889347816447051	0.3412168887883034
EOG09261MG9	True	14	14	487	482	0.9897330595482546	67	65	38	36	-2	0.9473684210526315	0.11345216317263615	0.10859763821335268
EOG09261MMR	True	14	14	540	532	0.9851851851851852	320	317	185	185	0	1.0	0.5558094890097367	0.5598042806920336
EOG09261MOX	True	14	14	1121	717	0.639607493309545	664	440	316	258	-58	0.8164556962025317	0.6808278787239092	0.6598966684143079
EOG09261MPU	True	13	13	704	505	0.7173295454545454	383	319	245	227	-18	0.926530612244898	0.6961826045732824	0.8160622447546005
EOG09261N20	True	14	14	673	536	0.7964338781575037	471	458	315	315	0	1.0	0.9581544601685424	1.174930604372762
EOG09261N2L	True	13	13	1947	451	0.23163841807909605	407	341	253	240	-13	0.9486166007905138	0.28704036354625717	1.0619567692254113
EOG09261N64	True	14	14	534	511	0.9569288389513109	264	258	68	68	0	1.0	0.327040557456934	0.33025873567694913
EOG09261NLR	True	14	14	639	609	0.9530516431924883	268	257	181	175	-6	0.9668508287292817	0.4767482751263955	0.47671771778811195
EOG09261NLY	True	14	14	935	551	0.5893048128342246	325	288	177	177	0	1.0	0.4011127466201639	0.6125960400904777
EOG09261NW2	True	14	14	2310	1067	0.46190476190476193	1227	692	519	491	-28	0.9460500963391136	0.6119406591019071	0.7914891423722005
EOG09261O4Y	True	14	14	611	554	0.9067103109656302	282	266	166	163	-3	0.9819277108433735	0.4841691191174556	0.4911349275571662
EOG09261O7R	True	14	14	415	400	0.963855421686747	232	231	146	146	0	1.0	0.5715240885814845	0.5892062419032902
EOG09261OIA	True	14	14	1891	1008	0.5330512956107879	1271	749	730	594	-136	0.8136986301369863	1.0031588888603133	1.1415661404808384
EOG09261OIF	True	14	14	545	479	0.8788990825688073	223	196	128	128	0	1.0	0.4076416874075752	0.4080225293157435
EOG09261OKK	True	13	13	578	510	0.8823529411764706	279	271	177	176	-1	0.9943502824858758	0.6154296055499977	0.6734497937370996
EOG09261OLD	True	14	14	821	773	0.9415347137637028	495	481	338	327	-11	0.9674556213017751	0.78821465833544	0.8019026738933674
EOG09261ONU	True	14	14	324	301	0.9290123456790124	218	213	152	149	-3	0.9802631578947368	0.9255365954747901	0.973654520241545
EOG09261OSU	True	14	14	596	555	0.9312080536912751	139	136	74	73	-1	0.9864864864864865	0.19152431550415466	0.1997097508476961
EOG09261OXD	True	14	14	810	770	0.9506172839506173	482	466	300	294	-6	0.98	0.6292642078209693	0.6364687518332979
EOG09261OXV	True	14	14	1401	1284	0.9164882226980728	869	793	593	558	-35	0.9409780775716695	0.7594195032005324	0.7476456123893931
EOG09261P7G	True	13	13	1229	568	0.46216436126932464	437	334	242	216	-26	0.8925619834710744	0.4621612514273098	0.7543579428983235
EOG09261PJZ	True	14	14	1069	840	0.7857811038353602	591	548	382	371	-11	0.9712041884816754	0.7343571299900908	0.8711888815950292
EOG09261PNZ	True	14	14	632	467	0.7389240506329114	261	252	166	163	-3	0.9819277108433735	0.4357989192260507	0.5643940114409937
EOG09261PUF	True	14	14	789	682	0.8643852978453739	375	345	230	220	-10	0.9565217391304348	0.45610419038382316	0.4873781668586547
EOG09261Q18	True	13	13	1204	608	0.5049833887043189	694	451	403	338	-65	0.8387096774193549	0.8136286452698384	1.0627596101737737
EOG09261Q5L	True	14	14	1266	332	0.26224328593996843	931	255	495	195	-300	0.3939393939393939	1.0598254414770085	0.9883642096353296
EOG09261QR5	True	14	14	821	646	0.7868453105968332	527	487	355	349	-6	0.9830985915492958	0.9034009087604711	1.0615127651620564
EOG09261QR8	True	14	14	529	460	0.8695652173913043	296	285	174	170	-4	0.9770114942528736	0.5937596747488435	0.6464104513070114
EOG09261QXC	True	14	14	589	525	0.8913412563667232	205	196	125	125	0	1.0	0.3331813249139317	0.35665485785582046
EOG09261QYO	True	14	14	2119	979	0.462010382255781	1275	701	561	530	-31	0.9447415329768271	0.7177426366109291	0.9174310578514536
EOG09261RFF	True	14	14	1146	812	0.7085514834205934	449	411	276	258	-18	0.9347826086956522	0.3989568949781805	0.5092668574594897
EOG09261RU1	True	14	14	945	517	0.5470899470899471	242	241	165	164	-1	0.9939393939393939	0.2653292861184452	0.4803032755053856
EOG09261RWJ	True	14	14	609	551	0.9047619047619048	183	182	105	105	0	1.0	0.2638226069899606	0.2907422360495403
EOG09261RWU	True	12	12	617	541	0.8768233387358185	368	365	255	254	-1	0.996078431372549	0.7823385106208574	0.8874479745096046
EOG09261S0S	True	14	14	2127	578	0.27174424071462155	1013	370	243	238	-5	0.9794238683127572	0.5260497064672509	0.8081229503926353
EOG09261S7X	True	14	14	823	613	0.7448359659781288	604	530	403	395	-8	0.9801488833746899	1.1645722490140527	1.4056680678554159
EOG09261SS1	True	14	14	1010	555	0.5495049504950495	339	334	208	207	-1	0.9951923076923077	0.36128245588680125	0.6487400137649664
EOG09261T6U	True	14	14	575	550	0.9565217391304348	176	175	106	106	0	1.0	0.30452614041072423	0.31548648770080967
EOG09261T74	True	14	14	576	528	0.9166666666666666	123	113	54	54	0	1.0	0.17816567169780953	0.175423157003671
EOG09261T98	True	14	14	1201	717	0.5970024979184013	431	255	200	188	-12	0.94	0.38824256295443227	0.4031668632502341
EOG09261TEQ	True	14	14	610	580	0.9508196721311475	267	257	162	159	-3	0.9814814814814815	0.3928410345101025	0.3972599610045785
EOG09261TPN	True	14	14	516	511	0.9903100775193798	149	144	85	85	0	1.0	0.2623817843354835	0.25349175729807855
EOG09261UMG	True	14	14	589	545	0.9252971137521222	364	342	211	206	-5	0.976303317535545	0.6362310615669724	0.6315848354352357
EOG09261UOJ	True	14	14	1320	441	0.3340909090909091	537	290	224	211	-13	0.9419642857142857	0.4836654401635616	0.8356418769882625
EOG09261UPM	True	14	14	1088	982	0.9025735294117647	829	781	586	577	-9	0.984641638225256	1.0983691160936484	1.1477638774815242
EOG09261UWT	True	13	13	456	357	0.7828947368421053	202	169	120	118	-2	0.9833333333333333	0.5319530631686287	0.5828034224105538
EOG09261V03	True	14	14	612	429	0.7009803921568627	268	208	149	146	-3	0.9798657718120806	0.5136085723843029	0.5894274173217608
EOG09261V2P	True	14	14	1888	935	0.4952330508474576	772	705	498	478	-20	0.9598393574297188	0.49699383958044163	0.9056382353895467
EOG09261V87	True	14	14	682	654	0.9589442815249267	433	416	268	260	-8	0.9701492537313433	0.6588897899817149	0.6526880121576439
EOG09261V9P	True	14	14	588	523	0.8894557823129252	207	199	93	91	-2	0.978494623655914	0.2701849766818014	0.28934271339190454
EOG09261VD2	True	13	13	698	483	0.6919770773638968	349	322	251	249	-2	0.9920318725099602	0.6045178749840708	0.8117496123020468
EOG09261VI3	True	14	14	650	581	0.8938461538461538	181	178	86	86	0	1.0	0.2343288153691049	0.2569943717554529
EOG09261VUC	True	14	14	919	750	0.8161044613710555	598	568	408	404	-4	0.9901960784313726	0.7968726509610201	0.931231134201923
EOG09261W1K	True	13	13	977	825	0.8444216990788127	682	664	484	479	-5	0.9896694214876033	0.9527088463469668	1.1014875424492738
EOG09261W2O	True	14	14	588	523	0.8894557823129252	306	259	222	198	-24	0.8918918918918919	0.6902627540527501	0.6284544584470428
EOG09261W3X	True	14	14	1126	508	0.4511545293072824	274	143	86	85	-1	0.9883720930232558	0.2280693368128431	0.24757393210849316
EOG09261W90	True	14	14	690	464	0.672463768115942	215	208	117	116	-1	0.9914529914529915	0.3140070063478906	0.4485360430221899
EOG09261WJ8	True	11	11	599	455	0.7595993322203672	390	367	265	258	-7	0.9735849056603774	0.8901712563525477	1.1069576679114137
EOG09261WVT	True	14	14	878	567	0.6457858769931663	382	323	151	151	0	1.0	0.3846669897639777	0.4838411126857317
EOG09261X9E	True	14	14	464	446	0.9612068965517241	213	207	141	137	-4	0.9716312056737588	0.5199847826982608	0.5199354570124104
EOG09261XAF	True	12	12	702	424	0.603988603988604	321	256	180	170	-10	0.9444444444444444	0.598465851239654	0.7744445065778539
EOG09261XGL	True	14	14	851	496	0.5828437132784959	345	322	220	218	-2	0.990909090909091	0.4855637537902828	0.7823730075585198
EOG09261XNJ	True	14	14	540	535	0.9907407407407407	160	158	92	91	-1	0.9891304347826086	0.23434901305806302	0.23298120202105663
EOG09261XNU	True	14	14	862	834	0.9675174013921114	362	352	182	179	-3	0.9835164835164835	0.3813116562924245	0.3802020593724676
EOG09261XZ6	True	13	13	811	704	0.8680641183723797	567	529	410	388	-22	0.9463414634146341	0.9886166640264551	1.0513323528342708
EOG09261Y04	True	14	14	1128	514	0.45567375886524825	203	201	113	112	-1	0.9911504424778761	0.1797109737782585	0.38675991532340315
EOG09261YGB	True	14	14	1043	848	0.8130393096836049	646	537	405	339	-66	0.837037037037037	0.7185365606468307	0.695560334590722
EOG09261YLQ	True	14	14	746	588	0.7882037533512064	361	327	196	189	-7	0.9642857142857143	0.5695848378438303	0.6348656570492887
EOG09261YRA	True	14	14	587	531	0.9045996592844975	298	290	188	188	0	1.0	0.499960523236363	0.5389951056464382
EOG09261YV6	True	14	14	862	730	0.8468677494199536	517	488	265	263	-2	0.9924528301886792	0.6637502457608127	0.73914716479141
EOG09261ZFN	True	14	14	948	790	0.8333333333333334	452	366	282	234	-48	0.8297872340425532	0.5136740996363164	0.483045512236711
EOG09261ZI1	True	14	14	567	504	0.8888888888888888	273	252	159	150	-9	0.9433962264150944	0.5648510281141481	0.5731503842568803
EOG09261ZJR	True	14	14	748	719	0.9612299465240641	475	472	284	284	0	1.0	0.6504819705727302	0.6734432147715486
EOG09261ZPW	True	14	14	1073	754	0.7027027027027027	515	485	308	302	-6	0.9805194805194806	0.5810847454223819	0.7689880335724381
EOG09261ZXZ	True	14	14	813	698	0.8585485854858549	464	419	311	291	-20	0.9356913183279743	0.6929540811593612	0.7292855050574268
EOG092620CR	True	14	14	822	665	0.8090024330900243	452	436	301	296	-5	0.9833887043189369	0.6442296247517587	0.7699137948651356
EOG092620E4	True	14	14	478	476	0.99581589958159	121	120	48	48	0	1.0	0.16478093370142824	0.16376892475803267
EOG092620EL	True	14	14	2606	574	0.2202609363008442	1029	364	321	278	-43	0.8660436137071651	0.4218501564001271	0.7402410774681276
EOG092620FM	True	14	14	1298	553	0.42604006163328195	746	419	358	320	-38	0.8938547486033519	0.7122602940273578	1.0130911453621019
EOG092620IA	True	14	14	996	909	0.9126506024096386	695	676	479	470	-9	0.9812108559498957	0.9150445762929639	0.9737310247159802
EOG092620U5	True	13	13	571	458	0.8021015761821366	360	337	239	239	0	1.0	0.8708745391843704	1.0332500213783904
EOG092620V3	True	13	13	1452	380	0.26170798898071623	364	293	231	219	-12	0.948051948051948	0.37091685088003584	1.1760500438836028
EOG0926213Q	True	13	13	585	473	0.8085470085470086	329	289	231	223	-8	0.9653679653679653	0.762275420625327	0.8355468980204166
EOG0926213Z	True	14	14	1759	1068	0.6071631608868675	914	815	596	588	-8	0.9865771812080537	0.7659591114237475	1.1487661779535987
EOG092621CK	True	13	13	1179	894	0.7582697201017812	789	681	531	491	-40	0.9246704331450094	0.911112625721359	1.0462310192996436
EOG092621CP	True	9	9	681	580	0.8516886930983847	375	356	220	220	0	1.0	0.648421074814418	0.728940567298334
EOG092621F2	True	14	14	1072	677	0.6315298507462687	500	381	299	262	-37	0.8762541806020067	0.5816783347565027	0.6931425626569776
EOG092621GA	True	14	14	711	660	0.9282700421940928	489	460	335	319	-16	0.9522388059701492	0.8127994534183862	0.8180404109960937
EOG092621GY	True	13	13	1353	1021	0.754619364375462	905	793	364	362	-2	0.9945054945054945	0.8679702408294583	1.0339978987075003
EOG092621S9	True	8	8	499	493	0.9879759519038076	280	279	163	163	0	1.0	0.6847097113244457	0.6911802233607381
EOG092621X3	True	11	11	672	603	0.8973214285714286	418	397	253	248	-5	0.9802371541501976	0.7200974606923457	0.7639849456402108
EOG092621YU	True	14	14	578	539	0.9325259515570934	282	281	159	158	-1	0.9937106918238994	0.4459187926263462	0.47535218409662067
EOG092621ZV	True	13	13	610	580	0.9508196721311475	444	423	313	307	-6	0.9808306709265175	0.8460492832935039	0.8455751035289203
EOG0926229Z	True	12	12	484	448	0.9256198347107438	295	289	184	184	0	1.0	0.6532567323806511	0.6927110052979947
EOG09262341	True	14	14	1206	503	0.41708126036484244	408	301	283	231	-52	0.8162544169611308	0.46922203331188517	0.8169983812101239
EOG0926235L	True	14	14	737	640	0.8683853459972863	443	399	289	281	-8	0.972318339100346	0.7285121910343372	0.7625076208231022
EOG09262387	True	14	14	678	602	0.887905604719764	343	334	188	184	-4	0.9787234042553191	0.43805139615147215	0.4757984746457817
EOG092623WR	True	14	14	760	602	0.7921052631578948	449	409	221	198	-23	0.8959276018099548	0.6429005667229278	0.7148270977425459
EOG0926248P	True	14	14	1779	710	0.3991006183249016	603	446	259	255	-4	0.9845559845559846	0.3634303540770084	0.648326792580779
EOG0926248W	True	14	14	2157	1363	0.6318961520630505	1364	1122	580	520	-60	0.896551724137931	0.6479539057699545	0.8108987294482134
EOG092624JL	True	14	14	798	630	0.7894736842105263	467	393	265	240	-25	0.9056603773584906	0.6807025045240472	0.7090262965952634
EOG092624KK	True	14	14	525	465	0.8857142857142857	321	311	209	209	0	1.0	0.7695681034236679	0.8397812872748647
EOG092624RX	True	14	14	1426	553	0.38779803646563815	659	390	329	282	-47	0.8571428571428571	0.6065685371064119	0.9703742892396169
EOG092624SJ	True	14	14	664	573	0.8629518072289156	401	352	291	269	-22	0.9243986254295533	0.8129844866298207	0.8326919046923418
EOG092624UF	True	14	14	800	673	0.84125	396	376	240	233	-7	0.9708333333333333	0.5747197087433282	0.6419037875866193
EOG092624X0	True	14	14	618	544	0.8802588996763754	363	347	237	234	-3	0.9873417721518988	0.6906605417254136	0.7516458681294746
EOG09262516	True	14	14	548	541	0.9872262773722628	152	151	71	70	-1	0.9859154929577465	0.19320139424750316	0.19390649436816462
EOG0926251E	True	13	13	605	552	0.912396694214876	330	315	203	200	-3	0.9852216748768473	0.571458483921072	0.5875995109969688
EOG09262528	True	12	12	555	448	0.8072072072072072	309	263	162	154	-8	0.9506172839506173	0.6749258812079657	0.6896609996780663
EOG092625AX	True	14	14	773	486	0.628719275549806	360	291	219	201	-18	0.9178082191780822	0.5958453045937561	0.7514529273461656
EOG092625OH	True	14	14	984	527	0.5355691056910569	328	278	198	191	-7	0.9646464646464646	0.3799048059119519	0.5928507090229551
EOG092625P1	True	14	14	843	595	0.7058125741399762	489	389	282	278	-4	0.9858156028368794	0.7551517999723203	0.8718189578772805
EOG092625U6	True	12	12	1234	474	0.3841166936790924	458	378	254	253	-1	0.9960629921259843	0.46656539631338806	1.0216448509618599
EOG09262645	True	14	14	989	680	0.6875631951466128	554	487	391	361	-30	0.9232736572890026	0.7867331533810257	1.008282617844379
EOG092626EQ	True	14	14	890	683	0.7674157303370787	545	462	307	291	-16	0.9478827361563518	0.7324831694363743	0.8147820572751969
EOG092626HU	True	14	14	576	507	0.8802083333333334	299	282	157	157	0	1.0	0.4836527061249744	0.5142946095855547
EOG09262739	True	14	14	474	467	0.9852320675105485	134	133	79	79	0	1.0	0.22463622315311324	0.22706225436328512
EOG0926273Q	True	14	14	819	479	0.5848595848595849	209	156	97	89	-8	0.9175257731958762	0.27489239060352827	0.345859071300012
EOG092627F1	True	14	14	782	594	0.7595907928388747	402	328	256	224	-32	0.875	0.5644024909139195	0.6013318138337214
EOG092627XA	True	14	14	709	509	0.7179125528913963	287	240	167	158	-9	0.9461077844311377	0.41146388859839833	0.4707704758020485
EOG092628A0	True	11	11	1583	1180	0.7454200884396716	571	427	244	221	-23	0.9057377049180327	0.3816891726660434	0.36717028355636466
EOG092628FW	True	14	14	492	406	0.8252032520325203	266	236	164	161	-3	0.9817073170731707	0.6075299162774882	0.658396302416072
EOG092628HC	True	14	14	593	409	0.6897133220910624	269	263	155	155	0	1.0	0.538503083080289	0.765070983942682
EOG092628LW	True	14	14	872	775	0.8887614678899083	472	457	280	280	0	1.0	0.5342966201353514	0.5824416044035852
EOG092628SP	True	13	13	417	322	0.7721822541966427	217	204	148	147	-1	0.9932432432432432	0.6164348794787955	0.7526524260479277
EOG09262914	True	14	14	2435	471	0.19342915811088296	314	300	136	133	-3	0.9779411764705882	0.12041329124254745	0.5871179839141968
EOG092629FB	True	14	14	1008	687	0.6815476190476191	653	493	438	371	-67	0.8470319634703196	0.9400689035091477	1.045814339549131
EOG092629RT	True	14	14	676	637	0.9423076923076923	371	348	240	233	-7	0.9708333333333333	0.5895799174895644	0.5746784882087023
EOG092629U5	True	14	14	778	308	0.39588688946015427	355	210	222	166	-56	0.7477477477477478	0.6298891340538216	0.9503864011979507
EOG092629WA	True	13	13	826	666	0.8062953995157385	442	391	280	256	-24	0.9142857142857143	0.6077928694232744	0.6546504509767161
EOG092629WJ	True	14	14	1985	667	0.33602015113350125	1055	505	370	334	-36	0.9027027027027027	0.6396956777752731	0.9936638861628467
EOG092629ZN	True	13	13	487	441	0.9055441478439425	234	232	119	119	0	1.0	0.43342535347376304	0.47427714069577154
EOG09262A65	True	14	14	1244	719	0.5779742765273312	575	521	402	362	-40	0.900497512437811	0.6595233249857572	0.9972801972796456
EOG09262A6N	True	13	13	2313	525	0.22697795071335927	627	445	265	229	-36	0.8641509433962264	0.2878201429163946	0.8358312621596892
EOG09262A8G	True	12	12	684	410	0.5994152046783626	285	277	165	162	-3	0.9818181818181818	0.4830145696798869	0.7783153149201194
EOG09262B1U	True	14	14	532	419	0.7875939849624061	303	279	213	202	-11	0.9483568075117371	0.6996305087343542	0.8020243969784514
EOG09262BCZ	True	14	14	1446	640	0.4426002766251729	526	450	319	309	-10	0.9686520376175548	0.4533620421453956	0.8859706412738617
EOG09262BHE	True	14	14	701	386	0.550641940085592	327	152	81	74	-7	0.9135802469135802	0.518124512240338	0.34089112947979644
EOG09262BVA	True	12	12	588	449	0.7636054421768708	431	399	267	264	-3	0.9887640449438202	1.0136356747357023	1.2390973942799812
EOG09262C5Z	True	13	13	1434	435	0.303347280334728	440	359	283	266	-17	0.9399293286219081	0.4637057545971177	1.2657664189319997
EOG09262CA4	True	14	14	529	524	0.9905482041587902	202	201	105	105	0	1.0	0.30689866531087207	0.3079186907432277
EOG09262CBI	True	13	13	1239	414	0.3341404358353511	317	199	137	135	-2	0.9854014598540146	0.26817574489954626	0.5151212763266405
EOG09262CDO	True	12	12	511	453	0.8864970645792564	134	103	55	55	0	1.0	0.27258924363950915	0.22818912675106404
EOG09262CMP	True	12	12	657	641	0.9756468797564688	284	276	184	181	-3	0.9836956521739131	0.42902703576172624	0.4278225810115565
EOG09262CO6	True	14	14	492	478	0.9715447154471545	218	212	127	127	0	1.0	0.4575790306315763	0.45842862567099474
EOG09262CUO	True	13	13	519	411	0.791907514450867	258	209	145	131	-14	0.903448275862069	0.5954956402406913	0.603923841023117
EOG09262CXO	True	14	14	673	516	0.7667161961367014	308	288	185	182	-3	0.9837837837837838	0.44726426013298765	0.5369954218126483
EOG09262D0D	True	14	14	2749	836	0.3041105856675155	736	517	380	337	-43	0.8868421052631579	0.2996333632398472	0.6800340322752215
EOG09262D4G	True	14	14	757	511	0.6750330250990753	530	424	328	292	-36	0.8902439024390244	0.9904054183473417	1.19341523136629
EOG09262DC1	True	14	14	539	493	0.9146567717996289	289	285	169	168	-1	0.9940828402366864	0.5442836965612644	0.5843215243480293
EOG09262DKA	True	13	13	459	424	0.9237472766884531	193	178	123	121	-2	0.983739837398374	0.40575364426062116	0.3978855600348861
EOG09262DPL	True	14	14	555	498	0.8972972972972973	325	302	182	182	0	1.0	0.6270614439005713	0.6496926106600144
EOG09262DUV	True	13	13	469	405	0.8635394456289979	213	202	134	132	-2	0.9850746268656716	0.5043348462607651	0.5549010109502641
EOG09262E3Q	True	14	14	3165	784	0.24770932069510268	1575	657	758	501	-257	0.6609498680738787	0.7203552661939099	1.1950201686597715
EOG09262E4Q	True	14	14	511	439	0.8590998043052838	133	129	95	94	-1	0.9894736842105263	0.21394745006397067	0.23966667707476327
EOG09262E4T	True	14	14	539	506	0.9387755102040817	389	370	218	214	-4	0.981651376146789	0.7633071985923298	0.7690757894178706
EOG09262E7I	True	13	13	883	645	0.7304643261608154	430	380	249	245	-4	0.9839357429718876	0.571820843681062	0.6973871177285408
EOG09262E7W	True	14	14	709	509	0.7179125528913963	390	322	261	241	-20	0.9233716475095786	0.8000737525270682	0.9197840833339751
EOG09262E98	True	14	14	939	898	0.9563365282215123	541	529	347	343	-4	0.9884726224783862	0.6846339482105761	0.6984829822229953
EOG09262ESR	True	14	14	962	708	0.735966735966736	576	467	286	284	-2	0.993006993006993	0.7890140724497817	0.9029249811575291
EOG09262F22	True	14	14	424	419	0.9882075471698113	139	136	92	92	0	1.0	0.30336192097214787	0.2982854374759331
EOG09262F7P	True	11	11	2738	296	0.10810810810810811	384	258	187	135	-52	0.7219251336898396	0.16735365943844474	0.937728985646773
EOG09262FE3	True	14	14	1028	537	0.5223735408560312	624	346	254	237	-17	0.9330708661417323	0.7200540073378968	0.8147170000481178
EOG09262FJB	True	14	14	1901	501	0.26354550236717517	1023	351	348	223	-125	0.6408045977011494	0.6104824553379401	0.8109455276378436
EOG09262FW1	True	14	14	667	460	0.6896551724137931	372	314	255	246	-9	0.9647058823529412	0.820816591029957	1.0370110326141897
EOG09262G8Y	True	14	14	1308	666	0.5091743119266054	712	495	398	361	-37	0.907035175879397	0.7235648394142687	1.0301053771423372
EOG09262GLP	True	8	8	550	467	0.8490909090909091	401	385	199	198	-1	0.9949748743718593	1.191364180108099	1.3618506146336065
EOG09262GNE	True	14	14	1608	439	0.27300995024875624	436	328	227	220	-7	0.9691629955947136	0.3207707504671997	0.8918041094765005
EOG09262GVX	True	13	13	1263	710	0.56215360253365	531	413	260	250	-10	0.9615384615384616	0.4402924842997183	0.6001703833600533
EOG09262GWQ	True	11	11	793	480	0.605296343001261	401	320	229	228	-1	0.9956331877729258	0.659063689162413	0.9172343105692621
EOG09262GXD	True	14	14	445	443	0.9955056179775281	114	112	70	69	-1	0.9857142857142858	0.22574532623064764	0.2205568175454587
EOG09262H1X	True	9	9	541	469	0.866913123844732	280	274	159	159	0	1.0	0.5594435216989571	0.630805260372445
EOG09262H34	True	13	13	1123	407	0.3624220837043633	518	260	267	213	-54	0.797752808988764	0.6243271288194132	0.8528975891023124
EOG09262H50	True	14	14	641	494	0.7706708268330733	394	334	268	242	-26	0.9029850746268657	0.8585921586201326	0.933895566862642
EOG09262HA6	True	13	13	503	473	0.9403578528827038	293	280	186	180	-6	0.967741935483871	0.655576009772481	0.6579081165400579
EOG09262HKC	True	14	14	641	555	0.8658346333853354	446	408	259	249	-10	0.9613899613899614	0.7910269366177431	0.8322350352564083
EOG09262HP3	True	14	14	441	351	0.7959183673469388	180	176	113	112	-1	0.9911504424778761	0.4572790585344113	0.5582600790007415
EOG09262HQM	True	14	14	1487	1019	0.6852723604572966	966	844	670	627	-43	0.935820895522388	0.8489000935447271	1.0928979119884286
EOG09262I0R	True	13	13	639	445	0.6964006259780907	373	323	221	215	-6	0.9728506787330317	0.77687220685837	0.9657329312611802
EOG09262I5I	True	13	13	725	651	0.8979310344827586	307	290	190	183	-7	0.9631578947368421	0.4637254814336604	0.48089196704780635
EOG09262ILV	True	14	14	686	484	0.7055393586005831	428	333	239	228	-11	0.9539748953974896	0.7961928799378265	0.8925429153886093
EOG09262IP2	True	13	13	483	425	0.8799171842650103	238	205	147	138	-9	0.9387755102040817	0.6010939118167337	0.5720730490597825
EOG09262IY3	True	13	13	2196	330	0.15027322404371585	576	271	330	178	-152	0.5393939393939394	0.3611087108746446	0.957921414164351
EOG09262IZ6	True	14	14	455	416	0.9142857142857143	195	182	114	111	-3	0.9736842105263158	0.48341623882218143	0.4840017095572569
EOG09262IZO	True	12	12	598	454	0.7591973244147158	291	250	141	137	-4	0.9716312056737588	0.5379434894205054	0.6035600668727839
EOG09262J7K	True	14	14	799	629	0.7872340425531915	404	336	205	195	-10	0.9512195121951219	0.5501689295420925	0.56872058297814
EOG09262JAT	True	14	14	509	395	0.7760314341846758	281	198	204	155	-49	0.7598039215686274	0.7593137336742362	0.6490255573201195
EOG09262JRP	True	14	14	1005	588	0.5850746268656717	609	448	368	347	-21	0.9429347826086957	0.810622454662696	1.0588659047265043
EOG09262JWJ	True	13	13	515	394	0.7650485436893204	91	91	51	51	0	1.0	0.13847758077608507	0.18100495964386754
EOG09262JZK	True	14	14	398	361	0.907035175879397	200	169	116	113	-3	0.9741379310344828	0.5785578697103524	0.5158974037501932
EOG09262JZW	True	13	13	660	506	0.7666666666666667	436	396	249	249	0	1.0	0.8413852629888652	1.0138134153814864
EOG09262K67	True	14	14	595	480	0.8067226890756303	330	296	212	198	-14	0.9339622641509434	0.6376630500608318	0.6982376700537001
EOG09262K8C	True	14	14	415	302	0.727710843373494	230	221	134	134	0	1.0	0.5657363884843555	0.7443066265596278
EOG09262K8L	True	13	13	959	410	0.42752867570385816	325	272	216	202	-14	0.9351851851851852	0.43262840816869463	0.857814197054386
EOG09262K9A	True	13	13	502	435	0.8665338645418327	268	252	146	144	-2	0.9863013698630136	0.6258424388907243	0.6816141656113136
EOG09262KJA	True	14	14	507	481	0.9487179487179487	303	285	217	201	-16	0.9262672811059908	0.745869511211055	0.7239810509678127
EOG09262KN8	True	14	14	1586	1125	0.7093316519546028	886	755	535	518	-17	0.9682242990654205	0.6328558760328695	0.7604507086603669
EOG09262KUJ	True	14	14	520	469	0.9019230769230769	230	202	149	138	-11	0.9261744966442953	0.5068248868179837	0.47812132563063603
EOG09262KVB	True	14	14	689	412	0.5979680696661829	358	268	216	195	-21	0.9027777777777778	0.6854423897619043	0.83602373550329
EOG09262KXK	True	14	14	1139	394	0.34591747146619845	203	140	89	87	-2	0.9775280898876404	0.17563704144019734	0.3537299294042254
EOG09262KZ3	True	14	14	765	532	0.6954248366013072	481	391	277	267	-10	0.9638989169675091	0.7303300918457918	0.846282782621213
EOG09262L1P	True	14	14	1221	540	0.44226044226044225	453	287	188	183	-5	0.973404255319149	0.4123650996011882	0.6090026597836552
EOG09262LI4	True	13	13	1066	546	0.5121951219512195	413	365	271	266	-5	0.981549815498155	0.5606020744889452	0.9724959740877395
EOG09262LQT	True	14	14	675	656	0.9718518518518519	455	447	305	303	-2	0.9934426229508196	0.8586834129945731	0.8682288958746109
EOG09262LYR	True	14	14	451	449	0.9955654101995566	107	107	66	66	0	1.0	0.1937049946537733	0.19456782313775448
EOG09262M0W	True	14	14	438	383	0.8744292237442922	231	203	111	105	-6	0.9459459459459459	0.602733828269923	0.5863534064739554
EOG09262M2J	True	14	14	400	358	0.895	262	260	187	187	0	1.0	0.6939918258021985	0.7708775812065952
EOG09262M7B	True	13	13	457	424	0.9277899343544858	210	201	108	104	-4	0.9629629629629629	0.40347746576347554	0.40533471853267017
EOG09262MEK	True	14	14	529	369	0.6975425330812854	211	203	192	191	-1	0.9947916666666666	0.2945480903761874	0.4013533756647816
EOG09262MFL	True	13	13	920	584	0.6347826086956522	487	396	299	281	-18	0.939799331103679	0.7202467302212372	0.9427598043503836
EOG09262MJW	True	14	14	874	710	0.8123569794050344	407	303	191	172	-19	0.900523560209424	0.5037747231361474	0.4411984229594503
EOG09262MOO	True	13	13	570	470	0.8245614035087719	413	370	305	303	-2	0.9934426229508196	0.8161999438367921	0.897382572684565
EOG09262MXH	True	14	14	385	362	0.9402597402597402	162	149	117	115	-2	0.9829059829059829	0.4110389749147415	0.3968594444086436
EOG09262N0U	True	14	14	800	489	0.61125	374	328	198	197	-1	0.9949494949494949	0.5585319391278308	0.8091393846737827
EOG09262N10	True	13	13	1026	411	0.40058479532163743	300	274	229	220	-9	0.9606986899563319	0.37896327090366827	0.8765535313251496
EOG09262N3C	True	14	14	409	404	0.9877750611246944	116	114	72	71	-1	0.9861111111111112	0.29442578927676816	0.29218159485324746
EOG09262N47	True	14	14	661	410	0.6202723146747352	344	294	232	213	-19	0.9181034482758621	0.6843081306962578	0.9433077466030624
EOG09262N5O	True	14	14	877	743	0.8472063854047891	569	510	369	347	-22	0.940379403794038	0.7625581223494599	0.7949003315580735
EOG09262NB1	True	14	14	1170	400	0.3418803418803419	253	239	153	150	-3	0.9803921568627451	0.21911004882621518	0.5944748709884494
EOG09262NIR	True	14	14	980	268	0.27346938775510204	540	213	254	157	-97	0.6181102362204725	0.6771508148690873	0.9760118445931318
EOG09262NNS	True	14	14	525	477	0.9085714285714286	282	269	175	167	-8	0.9542857142857143	0.6223345115865362	0.6405639480442117
EOG09262O0R	True	14	14	763	420	0.5504587155963303	283	273	145	143	-2	0.9862068965517241	0.37781583382043504	0.6553679997809051
EOG09262OJ4	True	14	14	1164	895	0.7689003436426117	541	440	219	219	0	1.0	0.540797898979289	0.5859627050899242
EOG09262OLP	True	14	14	1084	547	0.5046125461254612	638	448	425	324	-101	0.7623529411764706	0.7768031045387124	1.059078444462566
EOG09262OX9	True	14	14	631	491	0.7781299524564184	281	278	165	165	0	1.0	0.503257090099083	0.640642003772956
EOG09262P1W	True	13	13	506	487	0.9624505928853755	204	198	114	111	-3	0.9736842105263158	0.34303111618373267	0.3440912095263707
EOG09262PAY	True	14	14	534	365	0.6835205992509363	336	265	175	173	-2	0.9885714285714285	0.7459657320337582	0.8752059824781392
EOG09262PIH	True	14	14	447	382	0.854586129753915	95	77	45	45	0	1.0	0.177927144325501	0.1610822866845522
EOG09262PMC	True	14	14	1743	1455	0.8347676419965576	1214	1081	770	727	-43	0.9441558441558442	0.8163759161185598	0.8585382633899236
EOG09262POL	True	14	14	756	623	0.8240740740740741	570	493	398	350	-48	0.8793969849246231	1.0907464219879464	1.1007976336639431
EOG09262PPU	True	14	14	519	438	0.8439306358381503	243	235	131	130	-1	0.9923664122137404	0.4604259465693489	0.5264702164376995
EOG09262PZ9	True	14	14	601	579	0.9633943427620633	352	343	223	220	-3	0.9865470852017937	0.6830639138490507	0.6863135562283352
EOG09262Q6S	True	13	13	646	552	0.8544891640866873	422	368	270	265	-5	0.9814814814814815	0.8378362658787303	0.8659031790891066
EOG09262Q8D	True	14	14	433	428	0.9884526558891455	126	125	83	83	0	1.0	0.31020102221407697	0.31192935629494445
EOG09262QJW	True	14	14	466	388	0.8326180257510729	136	127	91	85	-6	0.9340659340659341	0.2750813607545213	0.3037002636823656
EOG09262QL6	True	14	14	812	565	0.6958128078817734	332	299	165	164	-1	0.9939393939393939	0.3966715907156375	0.5108823765845765
EOG09262QRH	True	14	14	2268	2117	0.9334215167548501	893	870	352	352	0	1.0	0.441644382062071	0.46228127468907754
EOG09262QS5	True	14	14	906	452	0.4988962472406181	440	258	186	165	-21	0.8870967741935484	0.5962699744783988	0.7473113905190151
EOG09262QTY	True	12	12	1164	415	0.35652920962199314	466	243	232	167	-65	0.7198275862068966	0.46547136437787445	0.6855656968194392
EOG09262R8O	True	14	14	668	512	0.7664670658682635	447	341	332	272	-60	0.8192771084337349	0.9276572813337074	0.9048989489342478
EOG09262SI7	True	14	14	678	543	0.8008849557522124	436	403	302	288	-14	0.9536423841059603	0.930694125177979	1.0632391171876485
EOG09262SMG	True	14	14	554	518	0.9350180505415162	341	318	230	226	-4	0.9826086956521739	0.7183263285935563	0.7136480919818365
EOG09262SR7	True	13	13	962	427	0.44386694386694386	385	328	275	252	-23	0.9163636363636364	0.5358585451328668	1.0225647675127645
EOG09262SWJ	True	14	14	1096	226	0.2062043795620438	224	177	125	116	-9	0.928	0.276260957828003	1.0884108342692878
EOG09262TEV	True	14	14	2011	1108	0.5509696668324217	1114	713	712	442	-270	0.6207865168539326	0.772016196952143	0.7801143723097111
EOG09262TO9	True	14	14	676	503	0.7440828402366864	167	155	100	99	-1	0.99	0.2778810599864514	0.3391928791705136
EOG09262TUR	True	14	14	1364	415	0.30425219941348974	415	307	191	190	-1	0.9947643979057592	0.33858785723823154	0.845073064172177
EOG09262U7S	True	14	14	983	406	0.41302136317395727	358	298	216	200	-16	0.9259259259259259	0.4419462418971158	0.8816956328413361
EOG09262UAS	True	14	14	613	501	0.8172920065252854	352	332	249	249	0	1.0	0.8300673869006332	0.972728686038092
EOG09262UB3	True	14	14	880	539	0.6125	415	352	268	263	-5	0.9813432835820896	0.6098626355580641	0.8524919701625324
EOG09262UTQ	True	14	14	531	250	0.4708097928436911	238	182	133	128	-5	0.9624060150375939	0.5004329540962789	0.8313096804535682
EOG09262V3O	True	14	14	503	479	0.952286282306163	295	279	205	191	-14	0.9317073170731708	0.6793017419964725	0.6609541697917969
EOG09262V8E	True	10	10	2060	569	0.27621359223300973	590	348	211	178	-33	0.8436018957345972	0.37249193728532276	0.7843200352663638
EOG09262V9N	True	14	14	447	348	0.7785234899328859	271	232	145	137	-8	0.9448275862068966	0.6762984861339965	0.7323896947426
EOG09262VOC	True	14	14	420	352	0.8380952380952381	201	187	115	114	-1	0.991304347826087	0.49569860221545864	0.5386114286227489
EOG09262VPD	True	14	14	363	362	0.9972451790633609	117	117	66	66	0	1.0	0.264479885493787	0.2652104929122781
EOG09262VQQ	True	14	14	644	512	0.7950310559006211	286	262	195	187	-8	0.958974358974359	0.5216658836016058	0.6016699498708269
EOG09262VVF	True	13	13	525	434	0.8266666666666667	319	287	185	175	-10	0.9459459459459459	0.6890360727970648	0.7354819235494349
EOG09262W7C	True	13	13	1176	335	0.2848639455782313	141	135	65	65	0	1.0	0.0982303591369775	0.32901151493071296
EOG09262WFG	True	14	14	451	325	0.720620842572062	250	229	178	176	-2	0.9887640449438202	0.7054609614681087	0.8981501309032459
EOG09262WHU	True	14	14	626	342	0.5463258785942492	223	223	136	136	0	1.0	0.3978611556876186	0.7282487820480973
EOG09262WQX	True	13	13	1379	354	0.25670775924583034	549	259	186	171	-15	0.9193548387096774	0.5014811940531436	0.9840473142871552
EOG09262WSH	True	13	13	1209	399	0.33002481389578164	599	327	368	204	-164	0.5543478260869565	0.7032973718451119	0.9728405258485657
EOG09262WXK	True	14	14	578	431	0.745674740484429	389	313	259	240	-19	0.9266409266409267	0.9502510750062504	1.039622542311398
EOG09262X01	True	14	14	430	418	0.9720930232558139	315	312	231	231	0	1.0	1.0338154185095685	1.0551211243041014
EOG09262X31	True	14	14	1361	374	0.2747979426891991	542	257	197	189	-8	0.9593908629441624	0.48560878593281087	0.9698084513367717
EOG09262X74	True	14	14	754	410	0.5437665782493368	313	272	142	133	-9	0.9366197183098591	0.42750115085660795	0.6582559845469409
EOG09262X7T	True	13	13	1754	581	0.3312428734321551	686	437	319	319	0	1.0	0.4755335288954704	0.9870563982637609
EOG09262X8R	True	14	14	469	364	0.7761194029850746	319	257	208	201	-7	0.9663461538461539	0.9408968462196592	0.9928657730335977
EOG09262XGK	True	12	12	407	382	0.9385749385749386	265	254	163	163	0	1.0	0.7819374903510158	0.7979934491116764
EOG09262XMN	True	12	12	758	509	0.6715039577836411	498	343	278	232	-46	0.8345323741007195	0.889285388078901	0.8951035192368598
EOG09262XRU	True	13	13	517	471	0.9110251450676983	273	266	131	125	-6	0.9541984732824428	0.4535526920239922	0.4748469580922095
EOG09262YAU	True	12	12	929	363	0.3907427341227126	226	220	155	153	-2	0.9870967741935484	0.2837201791723639	0.6985593373154709
EOG09262YP5	True	9	9	1690	408	0.24142011834319527	344	325	185	185	0	1.0	0.2719784164429003	1.0790278935722883
EOG09262YQG	True	14	14	513	386	0.7524366471734892	333	264	208	178	-30	0.8557692307692307	0.8251895708162715	0.8561395684820201
EOG09262Z0M	True	12	12	1000	500	0.5	440	376	283	266	-17	0.9399293286219081	0.5887791643526612	1.0216648340077226
EOG09262Z14	True	14	14	1166	865	0.741852487135506	596	565	430	405	-25	0.9418604651162791	0.7249332632945985	0.9119568785869199
EOG09262Z2S	True	13	13	738	446	0.6043360433604336	434	299	226	211	-15	0.9336283185840708	0.7093425839154642	0.8415409318320028
EOG09262ZZ8	True	14	14	499	287	0.5751503006012024	149	145	80	79	-1	0.9875	0.28114344278555464	0.4719877332352261
EOG0926300R	True	14	14	1296	539	0.4158950617283951	592	429	371	333	-38	0.8975741239892183	0.675730290629208	1.2405833783011775
EOG0926306O	True	14	14	384	238	0.6197916666666666	197	172	121	116	-5	0.9586776859504132	0.6310459831627405	0.8927599990525463
EOG0926307V	True	14	14	404	396	0.9801980198019802	234	229	137	133	-4	0.9708029197080292	0.5349883838075506	0.5280910859080569
EOG092630MJ	True	14	14	1826	463	0.25355969331872946	947	356	607	273	-334	0.4497528830313015	0.7896481070089275	1.0028054492157055
EOG092630N3	True	12	12	387	379	0.979328165374677	134	128	61	60	-1	0.9836065573770492	0.31296034559104025	0.30402745993462643
EOG092630UB	True	14	14	1178	738	0.6264855687606112	818	607	448	423	-25	0.9441964285714286	0.8443884232457484	1.0151921468807428
EOG092630YS	True	14	14	424	420	0.9905660377358491	138	135	74	73	-1	0.9864864864864865	0.25889891379459856	0.25370019611289957
EOG0926310O	True	12	12	514	354	0.688715953307393	262	255	187	185	-2	0.9893048128342246	0.6423953598370776	0.9091938510964658
EOG0926312D	True	13	13	1438	571	0.39707927677329624	828	410	462	248	-214	0.5367965367965368	0.669555991902999	0.78587498712615
EOG0926315C	True	14	14	713	646	0.906030855539972	513	495	301	298	-3	0.9900332225913622	0.7708826426143265	0.8183868135473842
EOG092631IR	True	14	14	1130	969	0.8575221238938053	693	603	505	457	-48	0.904950495049505	0.7980965271000111	0.8011549984221711
EOG092631ML	True	14	14	610	364	0.5967213114754099	432	303	258	233	-25	0.9031007751937985	1.0769801391489398	1.3043093123961116
EOG092631MU	True	14	14	1578	388	0.2458808618504436	210	206	130	126	-4	0.9692307692307692	0.11579697580814548	0.4619753993330507
EOG092631QQ	True	14	14	553	498	0.9005424954792043	199	167	93	91	-2	0.978494623655914	0.388213580824936	0.351821790629451
EOG092631UM	True	14	14	344	340	0.9883720930232558	83	83	45	45	0	1.0	0.19280807705819686	0.19507640737652857
EOG09263274	True	14	14	782	338	0.4322250639386189	382	259	209	176	-33	0.8421052631578947	0.651728588876868	0.972239882644017
EOG092632FC	True	14	14	368	317	0.8614130434782609	101	83	38	36	-2	0.9473684210526315	0.22120696151551578	0.19673083098865077
EOG092632TF	True	13	13	674	557	0.8264094955489614	504	474	362	359	-3	0.9917127071823204	1.1882565432754115	1.374779305580109
EOG092632WW	True	14	14	364	350	0.9615384615384616	115	113	70	68	-2	0.9714285714285714	0.27551203521492185	0.2773700110661367
EOG092633QB	True	12	12	479	366	0.7640918580375783	300	232	159	156	-3	0.9811320754716981	0.7463208742539366	0.7505561757359814
EOG092633US	True	13	13	436	345	0.7912844036697247	214	198	137	135	-2	0.9854014598540146	0.5808055667446668	0.6611535490065329
EOG0926347K	True	10	10	408	348	0.8529411764705882	192	178	130	127	-3	0.9769230769230769	0.5531030914488538	0.60375876437955
EOG0926347W	True	13	13	437	348	0.7963386727688787	136	134	81	80	-1	0.9876543209876543	0.3053413780397639	0.3712901131184472
EOG09263483	True	13	13	1038	367	0.3535645472061657	566	240	163	161	-2	0.9877300613496932	0.5965374715164493	0.792887005689267
EOG092634B1	True	14	14	397	395	0.9949622166246851	147	147	82	82	0	1.0	0.3051941499741312	0.3067394368094432
EOG092634B5	True	14	14	480	451	0.9395833333333333	238	219	156	149	-7	0.9551282051282052	0.6444816301679072	0.6194978238271085
EOG092634G9	True	14	14	469	396	0.8443496801705757	295	280	220	218	-2	0.990909090909091	0.8364198996989946	0.9494269295420086
EOG092634M1	True	14	14	492	445	0.9044715447154471	218	212	151	151	0	1.0	0.46665430873428015	0.5043859347583339
EOG092634MM	True	2	2	511	441	0.863013698630137	156	156	0	0	0		0.30528375733855184	0.35374149659863946
EOG092634ZL	True	14	14	549	476	0.8670309653916212	370	350	272	263	-9	0.9669117647058824	0.8574856033764579	0.9259220962525686
EOG0926354S	True	13	13	428	372	0.8691588785046729	108	108	67	67	0	1.0	0.22169763442986726	0.25507147187092255
EOG0926357F	True	14	14	748	605	0.8088235294117647	509	443	313	305	-8	0.9744408945686901	0.8777637514022123	0.9608115929731093
EOG092635DF	True	14	14	837	580	0.6929510155316607	508	414	293	270	-23	0.9215017064846417	0.7653506689424667	0.8756638769024501
EOG092635SS	True	14	14	1259	302	0.2398729150119142	424	238	166	160	-6	0.963855421686747	0.40821933436996666	1.0402434279890524
EOG092635ST	True	14	14	466	351	0.7532188841201717	300	259	209	182	-27	0.8708133971291866	0.8424902374294564	0.9340925831235598
EOG092635YY	True	14	14	673	360	0.5349182763744428	157	152	84	84	0	1.0	0.21245972487360837	0.38329276344427343
EOG09263690	True	14	14	974	810	0.8316221765913757	530	492	338	334	-4	0.9881656804733728	0.643617022740078	0.7120645566363104
EOG0926369X	True	13	13	491	339	0.6904276985743381	294	230	175	150	-25	0.8571428571428571	0.7436158297600312	0.8200554287356626
EOG092636T6	True	14	14	319	316	0.9905956112852664	48	48	13	13	0	1.0	0.08970153575405888	0.0905531326124835
EOG092636Y6	True	14	14	969	760	0.7843137254901961	501	434	350	321	-29	0.9171428571428571	0.7052855606828006	0.7707455163662129
EOG09263720	True	14	14	451	394	0.8736141906873615	254	224	143	143	0	1.0	0.5976755237647309	0.6008532436949078
EOG0926374A	True	14	14	514	353	0.6867704280155642	226	172	97	94	-3	0.9690721649484536	0.40996200120158477	0.4387108693042472
EOG09263760	True	14	14	992	403	0.40625	421	295	248	229	-19	0.9233870967741935	0.6234029469355107	1.1623587149424754
EOG09263817	True	14	14	1106	318	0.2875226039783002	451	256	180	149	-31	0.8277777777777777	0.46111722851524284	0.8677652916890057
EOG0926384F	True	14	14	1544	425	0.27525906735751293	575	342	307	289	-18	0.9413680781758957	0.4907942791110932	1.1377497977912547
EOG0926386D	True	13	13	490	347	0.7081632653061225	242	142	144	97	-47	0.6736111111111112	0.5781154936298551	0.43976887430807193
EOG0926388H	True	13	13	488	454	0.930327868852459	240	217	168	154	-14	0.9166666666666666	0.5767285604891815	0.5473378621746209
EOG092638AP	True	14	14	595	411	0.6907563025210084	368	315	260	232	-28	0.8923076923076924	0.8427141878409048	1.0240012158818277
EOG092638CT	True	7	7	815	325	0.3987730061349693	465	220	127	126	-1	0.9921259842519685	0.652126144849525	0.7706495066005901
EOG092638EN	True	10	10	1582	844	0.5335018963337548	606	412	422	317	-105	0.7511848341232228	0.43544186013087627	0.5318016833702588
EOG092638RC	True	14	14	367	364	0.9918256130790191	87	86	52	51	-1	0.9807692307692307	0.20213051500001047	0.20119845796814068
EOG092638XA	True	14	14	542	326	0.6014760147601476	190	124	78	78	0	1.0	0.33202294335957416	0.3552440626976404
EOG0926390Q	True	14	14	1776	438	0.24662162162162163	688	313	169	155	-14	0.9171597633136095	0.38488625077103	0.6818550065874545
EOG092639H5	True	14	14	632	566	0.8955696202531646	326	324	184	184	0	1.0	0.6333048714887143	0.7027304248164166
EOG09263A3Y	True	14	14	880	584	0.6636363636363637	567	466	343	311	-32	0.9067055393586005	0.8750066335195432	1.0657803395520846
EOG09263A5D	True	14	14	311	300	0.9646302250803859	97	96	57	57	0	1.0	0.302486985239302	0.3102448413647431
EOG09263A64	True	13	13	694	485	0.6988472622478387	409	346	230	227	-3	0.9869565217391304	0.7672731868714113	0.9416434754675203
EOG09263AZP	True	14	14	690	401	0.5811594202898551	449	319	238	233	-5	0.9789915966386554	0.833571117331592	1.0406913928559458
EOG09263B7X	True	14	14	616	528	0.8571428571428571	329	310	224	222	-2	0.9910714285714286	0.7090319873936162	0.7842108083247845
EOG09263BDA	True	14	14	427	370	0.8665105386416861	219	196	123	110	-13	0.8943089430894309	0.5126459468164174	0.505819154747841
EOG09263BE5	True	13	13	367	267	0.7275204359673024	196	178	122	115	-7	0.9426229508196722	0.6494423550239483	0.7989427582443829
EOG09263BG5	True	13	13	420	391	0.930952380952381	211	201	154	153	-1	0.9935064935064936	0.6550652131453679	0.6795749555015405
EOG09263BGW	True	14	14	659	577	0.8755690440060698	324	281	219	207	-12	0.9452054794520548	0.5369818121148203	0.5296554866898572
EOG09263C1V	True	14	14	482	450	0.9336099585062241	273	263	200	196	-4	0.98	0.7187160981334949	0.7351166173629201
EOG09263C4C	True	11	11	1973	221	0.11201216421692854	411	151	223	107	-116	0.4798206278026906	0.26145411269942903	0.7720515040892888
EOG09263C55	True	14	14	513	425	0.8284600389863548	330	314	214	205	-9	0.9579439252336449	0.7554015578187624	0.8563246547253904
EOG09263CAC	True	14	14	953	502	0.5267576075550892	379	319	254	223	-31	0.8779527559055118	0.44002879724242383	0.684648789575979
EOG09263CAH	True	12	12	665	311	0.46766917293233085	92	89	47	47	0	1.0	0.1191404160874047	0.24308457806962883
EOG09263CG2	True	13	13	623	393	0.6308186195826645	423	316	259	237	-22	0.915057915057915	1.0459733898694616	1.2211359936630677
EOG09263CG4	True	14	14	406	336	0.8275862068965517	188	165	94	89	-5	0.9468085106382979	0.4611799781548	0.47018364030789617
EOG09263CGP	True	14	14	551	409	0.7422867513611615	316	274	206	187	-19	0.9077669902912622	0.7002468044595298	0.8128361405309623
EOG09263CLY	True	14	14	432	375	0.8680555555555556	240	231	164	159	-5	0.9695121951219512	0.6498363946203355	0.7167065407669618
EOG09263CUQ	True	14	14	867	561	0.6470588235294118	482	390	261	255	-6	0.9770114942528736	0.6555854641252271	0.8330315375004355
EOG09263CUU	True	14	14	591	497	0.8409475465313029	307	296	175	172	-3	0.9828571428571429	0.53562791562218	0.6051014175865637
EOG09263D2P	True	14	14	1620	580	0.35802469135802467	1014	400	566	263	-303	0.46466431095406363	0.8770212473754445	0.8500030050097046
EOG09263DFA	True	14	14	955	256	0.2680628272251309	84	73	44	43	-1	0.9772727272727273	0.08530505225631727	0.2627945402160543
EOG09263DQH	True	13	13	516	512	0.9922480620155039	322	320	210	209	-1	0.9952380952380953	0.691958306211278	0.6910015010466588
EOG09263E49	True	14	14	702	488	0.6951566951566952	385	252	185	151	-34	0.8162162162162162	0.6435226715461633	0.5601487006387262
EOG09263E5F	True	14	14	1891	766	0.405076679005817	823	549	439	400	-39	0.9111617312072893	0.5255470104905005	0.9765311914574293
EOG09263E87	True	14	14	332	326	0.9819277108433735	118	117	76	76	0	1.0	0.351194953375091	0.35459117951082886
EOG09263E9V	True	14	14	502	479	0.954183266932271	247	244	165	163	-2	0.9878787878787879	0.4822789861066047	0.49785547048824097
EOG09263EBB	True	13	13	791	328	0.41466498103666244	275	235	156	152	-4	0.9743589743589743	0.3737325072589153	0.7750875442384992
EOG09263EDC	True	13	13	446	289	0.647982062780269	231	198	117	114	-3	0.9743589743589743	0.6168275166286262	0.8039429779997717
EOG09263EQZ	True	14	14	322	318	0.9875776397515528	103	103	59	59	0	1.0	0.25445992829322867	0.2576606821082378
EOG09263EVJ	True	13	13	593	489	0.8246205733558178	412	365	244	241	-3	0.9877049180327869	0.8305455052095749	0.8843523214875528
EOG09263F11	True	13	13	549	408	0.7431693989071039	366	305	249	228	-21	0.9156626506024096	0.9246984010147902	1.0465120773000816
EOG09263F3I	True	14	14	567	531	0.9365079365079365	359	350	263	257	-6	0.9771863117870723	0.8670777814431453	0.8984259849613104
EOG09263FAK	True	14	14	435	336	0.7724137931034483	263	242	180	173	-7	0.9611111111111111	0.78730260046633	0.937206301954508
EOG09263FGN	True	14	14	352	321	0.9119318181818182	230	212	127	119	-8	0.937007874015748	0.6946466248970897	0.6924204844682555
EOG09263FKC	True	14	14	856	487	0.5689252336448598	417	314	159	153	-6	0.9622641509433962	0.49217403656923786	0.6328749331353108
EOG09263FR7	True	14	14	369	299	0.8102981029810298	253	226	164	160	-4	0.975609756097561	0.8555389951812868	0.9654853021326157
EOG09263FTE	True	14	14	397	337	0.8488664987405542	175	173	113	112	-1	0.9911504424778761	0.4697819452128932	0.5441844181460644
EOG09263G3M	True	13	13	1014	338	0.3333333333333333	534	155	97	97	0	1.0	0.5674356302324093	0.4693515752311085
EOG09263G4R	True	14	14	1248	381	0.30528846153846156	864	285	614	193	-421	0.31433224755700323	1.0947010861185125	0.9718533794180911
EOG09263GIG	True	14	14	717	514	0.7168758716875872	371	343	245	243	-2	0.9918367346938776	0.6638134969812233	0.8623191224721811
EOG09263GSR	True	13	13	986	577	0.5851926977687627	643	488	429	399	-30	0.9300699300699301	0.9733509222214123	1.2989698823488853
EOG09263GUT	True	14	14	382	362	0.9476439790575916	212	209	125	124	-1	0.992	0.5577875207406618	0.5771248449190698
EOG09263H0Y	True	14	14	1873	869	0.4639615589962627	1045	592	626	428	-198	0.6837060702875399	0.7805751844470952	0.9924171384605982
EOG09263H5H	True	14	14	396	362	0.9141414141414141	204	182	133	129	-4	0.9699248120300752	0.6177307986820548	0.591550538437907
EOG09263HD8	True	13	13	373	312	0.8364611260053619	89	87	54	52	-2	0.9629629629629629	0.2144667696684394	0.24584031565283027
EOG09263HE6	True	13	13	604	424	0.7019867549668874	394	335	268	257	-11	0.9589552238805971	0.9848533437151462	1.2089128144654357
EOG09263HED	True	14	14	395	381	0.9645569620253165	237	233	166	162	-4	0.9759036144578314	0.72238003264765	0.7266907584421222
EOG09263HK2	True	14	14	981	820	0.835881753312946	801	708	596	541	-55	0.9077181208053692	1.263556622114118	1.3237948268036686
EOG09263HYJ	True	14	14	379	347	0.9155672823218998	218	207	143	143	0	1.0	0.6050072442949387	0.6283317012757799
EOG09263I4U	True	14	14	1525	366	0.24	327	258	231	202	-29	0.8744588744588745	0.3268205882183725	1.0587429688621273
EOG09263I7I	True	14	14	532	436	0.8195488721804511	273	208	141	127	-14	0.900709219858156	0.626694275720863	0.5461018250363596
EOG09263IMF	True	13	13	469	327	0.697228144989339	255	226	185	176	-9	0.9513513513513514	0.7511035233565068	0.9527554958513579
EOG09263IQ5	True	12	12	421	345	0.8194774346793349	244	225	130	127	-3	0.9769230769230769	0.6562129889473791	0.7330500248167617
EOG09263IT0	True	14	14	1668	407	0.24400479616306955	361	283	229	217	-12	0.9475982532751092	0.3055810646432131	1.0216276706734566
EOG09263J3H	True	14	14	354	351	0.9915254237288136	188	187	85	85	0	1.0	0.4319641947769941	0.4305494122526932
EOG09263J6Z	True	13	13	1388	381	0.2744956772334294	334	218	166	141	-25	0.8493975903614458	0.29509071568462353	0.6619472150810949
EOG09263J7D	True	14	14	412	358	0.8689320388349514	261	241	154	149	-5	0.9675324675324676	0.7712993582400431	0.8223062746370504
EOG09263JCT	True	13	13	754	520	0.6896551724137931	344	304	224	202	-22	0.9017857142857143	0.5243781436632711	0.6669840999861134
EOG09263JFQ	True	12	12	491	437	0.890020366598778	285	264	171	164	-7	0.9590643274853801	0.646136905212662	0.6574809919300809
EOG09263JTO	True	13	13	405	309	0.762962962962963	99	99	71	71	0	1.0	0.2343668466503527	0.3071798475514332
EOG09263JW5	True	14	14	383	285	0.7441253263707572	150	135	94	93	-1	0.9893617021276596	0.4409593730079298	0.5387562760460624
EOG09263JZO	True	14	14	367	335	0.9128065395095368	189	171	108	102	-6	0.9444444444444444	0.6517592155935295	0.6196186260428342
EOG09263K05	True	14	14	725	293	0.40413793103448276	248	206	123	117	-6	0.9512195121951219	0.3683511206360153	0.7521623798643093
EOG09263K45	True	14	14	278	273	0.9820143884892086	105	103	60	59	-1	0.9833333333333333	0.324507061009954	0.32008375256148464
EOG09263KB4	True	12	12	1244	248	0.19935691318327975	646	144	258	99	-159	0.38372093023255816	0.6085122520091278	0.6602717019726968
EOG09263KDI	True	13	13	1727	394	0.22814128546612622	298	262	138	138	0	1.0	0.18958251900275006	0.7145563476166572
EOG09263KEE	True	14	14	441	341	0.7732426303854876	264	217	171	156	-15	0.9122807017543859	0.6841085753341543	0.7337217113382382
EOG09263KRO	True	14	14	457	345	0.7549234135667396	156	121	77	64	-13	0.8311688311688312	0.347044608681666	0.3379554571505376
EOG09263KVG	True	13	13	1850	452	0.24432432432432433	300	286	233	229	-4	0.9828326180257511	0.19100815916888242	0.7475304047628437
EOG09263KZJ	True	14	14	594	479	0.8063973063973064	329	318	198	196	-2	0.98989898989899	0.6374319524540979	0.7577859888556461
EOG09263L00	True	14	14	1011	472	0.466864490603363	417	303	250	232	-18	0.928	0.5667296292276753	0.9515343969714235
EOG09263L52	True	11	11	944	470	0.4978813559322034	461	301	218	198	-20	0.908256880733945	0.6012210998905682	0.8176315118563309
EOG09263L7Y	True	14	14	891	566	0.6352413019079686	496	444	274	273	-1	0.9963503649635036	0.6508215604450924	0.9229347399620943
EOG09263L9T	True	13	13	494	292	0.5910931174089069	228	217	128	128	0	1.0	0.5331538774663126	0.8643082721519124
EOG09263LNF	True	14	14	564	532	0.9432624113475178	292	280	214	210	-4	0.9813084112149533	0.6565297196352926	0.6706070842849329
EOG09263LP3	True	13	13	403	317	0.7866004962779156	187	171	101	101	0	1.0	0.49085188549068587	0.5687591301350503
EOG09263LR1	True	13	13	301	293	0.973421926910299	108	103	61	61	0	1.0	0.2918989950561636	0.28602459689286547
EOG09263M8W	True	14	14	640	463	0.7234375	379	367	254	253	-1	0.9960629921259843	0.7994128659740642	1.0719949201997572
EOG09263MEM	True	14	14	749	564	0.753004005340454	278	235	82	68	-14	0.8292682926829268	0.3094186197593819	0.3293807507366183
EOG09263MGE	True	13	13	381	323	0.847769028871391	163	138	107	105	-2	0.9813084112149533	0.5425395934728381	0.555348675317295
EOG09263MIB	True	14	14	358	310	0.8659217877094972	158	132	91	86	-5	0.945054945054945	0.5155128803075358	0.48215865712593403
EOG09263MNN	True	13	13	1687	700	0.4149377593360996	822	592	441	436	-5	0.9886621315192744	0.6434534023514519	1.1685690649618623
EOG09263MR4	True	9	9	525	242	0.46095238095238095	149	130	55	54	-1	0.9818181818181818	0.3322461036034061	0.6127431396671091
EOG09263NE7	True	13	13	507	438	0.863905325443787	334	288	189	178	-11	0.9417989417989417	0.7930770867287258	0.7718860518085793
EOG09263NXM	True	12	12	1366	572	0.41874084919472915	493	380	226	226	0	1.0	0.45127918052276556	0.8756221740512024
EOG09263OAE	True	14	14	493	421	0.8539553752535497	228	206	119	117	-2	0.9831932773109243	0.44482290968560106	0.46344560989750183
EOG09263OCO	True	14	14	313	310	0.9904153354632588	123	123	71	71	0	1.0	0.34959460186051444	0.35297777542690656
EOG09263OD3	True	14	14	423	372	0.8794326241134752	241	220	159	149	-10	0.9371069182389937	0.6428612219070458	0.6583180710309381
EOG09263OQH	True	14	14	360	353	0.9805555555555555	136	133	62	62	0	1.0	0.306250202032911	0.29815884626585815
EOG09263OWL	True	14	14	408	338	0.8284313725490197	237	220	134	131	-3	0.9776119402985075	0.6411811665738171	0.7087322454752923
EOG09263OXI	True	12	12	458	320	0.6986899563318777	212	203	114	112	-2	0.9824561403508771	0.47721298223680175	0.6528731789851902
EOG09263OZR	True	14	14	1311	1157	0.8825324180015256	991	928	624	598	-26	0.9583333333333334	0.9682555719355076	1.0203666758301688
EOG09263P17	True	14	14	515	296	0.574757281553398	317	229	174	165	-9	0.9482758620689655	0.7621412148591425	0.987741969630332
EOG09263POH	True	14	14	388	363	0.9355670103092784	234	217	161	159	-2	0.9875776397515528	0.6712919848502764	0.664324996166543
EOG09263PWF	True	14	14	349	288	0.8252148997134671	222	205	159	156	-3	0.9811320754716981	0.9186208802532634	1.0444716388950932
EOG09263PXH	True	14	14	763	328	0.42988204456094364	284	222	129	124	-5	0.9612403100775194	0.4052358990589861	0.7355135273573729
EOG09263Q7N	True	12	12	458	366	0.7991266375545851	315	270	189	163	-26	0.8624338624338624	0.8317567262138515	0.8614908946473878
EOG09263Q8J	True	13	13	401	360	0.8977556109725686	121	110	56	52	-4	0.9285714285714286	0.28087137836603804	0.2850777567485576
EOG09263QB7	True	12	12	368	331	0.8994565217391305	95	86	37	37	0	1.0	0.23176374940775415	0.22493848036679984
EOG09263QH4	True	14	14	666	411	0.6171171171171171	214	209	143	142	-1	0.993006993006993	0.3893875749893006	0.6162048174967968
EOG09263QPR	True	14	14	497	409	0.8229376257545271	278	259	171	168	-3	0.9824561403508771	0.6221612088511315	0.684180660277224
EOG09263QUM	True	14	14	599	564	0.9415692821368948	217	213	122	121	-1	0.9918032786885246	0.3334655628712476	0.3454872536308594
EOG09263R4M	True	14	14	506	420	0.8300395256916996	315	297	206	201	-5	0.9757281553398058	0.8119865413798425	0.9190763680452828
EOG09263R62	True	13	13	335	320	0.9552238805970149	253	243	157	155	-2	0.9872611464968153	0.9305673174389338	0.9360905453764685
EOG09263RDD	True	14	14	418	336	0.8038277511961722	185	177	116	113	-3	0.9741379310344828	0.5021995129395928	0.5971320587520813
EOG09263RF8	True	14	14	1004	882	0.8784860557768924	682	632	467	458	-9	0.9807280513918629	0.8812915345232457	0.9343016563512179
EOG09263ROQ	True	14	14	950	709	0.7463157894736843	626	549	416	382	-34	0.9182692307692307	0.8680129148162103	1.0091691416445159
EOG09263RVR	True	14	14	1090	353	0.3238532110091743	547	189	138	119	-19	0.8623188405797102	0.5414711713286906	0.6485482952384781
EOG09263RW3	True	11	11	339	324	0.9557522123893806	151	144	84	81	-3	0.9642857142857143	0.4896564098892834	0.4852301312789086
EOG09263RY2	True	14	14	232	193	0.8318965517241379	100	95	61	61	0	1.0	0.4662082503877595	0.5327485185858838
EOG09263S1E	True	14	14	388	365	0.9407216494845361	273	259	205	201	-4	0.9804878048780488	0.9981454697197125	0.999939953786679
EOG09263S2P	True	14	14	793	584	0.7364438839848676	610	486	418	384	-34	0.9186602870813397	1.1826929638468062	1.3159123701432514
EOG09263SFX	True	14	14	489	373	0.7627811860940695	318	286	212	188	-24	0.8867924528301887	0.7772124468042227	0.8725516713713195
EOG09263SZM	True	14	14	349	279	0.7994269340974212	192	180	135	133	-2	0.9851851851851852	0.6983246060006513	0.8228257213403041
EOG09263TQ5	True	14	14	364	298	0.8186813186813187	123	122	77	77	0	1.0	0.2956496596021277	0.35467969127613125
EOG09263U08	True	14	14	1620	358	0.22098765432098766	623	300	372	214	-158	0.5752688172043011	0.5306778313595147	1.0794557803048153
EOG09263U71	True	14	14	366	307	0.8387978142076503	252	223	186	170	-16	0.9139784946236559	1.0686444026072073	1.102381239668066
EOG09263UAJ	True	14	14	975	574	0.5887179487179487	504	405	325	305	-20	0.9384615384615385	0.7577453515162836	1.0561019149014241
EOG09263UCR	True	14	14	694	304	0.43804034582132567	331	221	175	160	-15	0.9142857142857143	0.6459110447032957	1.021888152700461
EOG09263ULA	True	14	14	439	403	0.9179954441913439	179	171	92	91	-1	0.9891304347826086	0.35272095664402914	0.36476215640224907
EOG09263UN3	True	13	13	455	325	0.7142857142857143	313	278	207	204	-3	0.9855072463768116	0.9309978477647106	1.1867207107379671
EOG09263UQF	True	14	14	538	406	0.7546468401486989	297	261	171	156	-15	0.9122807017543859	0.5995050345114656	0.6810682303399058
EOG09263UWJ	True	14	14	506	422	0.83399209486166	278	257	148	146	-2	0.9864864864864865	0.5601413133245767	0.6181457285052127
EOG09263V60	True	14	14	372	316	0.8494623655913979	180	177	132	131	-1	0.9924242424242424	0.5938109012054644	0.6870416898673171
EOG09263VOP	True	12	12	1140	337	0.2956140350877193	343	290	209	202	-7	0.9665071770334929	0.41745153173066035	1.2139122941074336
EOG09263W48	True	14	14	515	267	0.5184466019417475	291	215	171	154	-17	0.9005847953216374	0.7597479699403804	1.104339838379237
EOG09263W7L	True	13	13	2415	379	0.15693581780538302	300	268	154	149	-5	0.9675324675324676	0.13312334607984772	0.7539485437164015
EOG09263WB5	True	14	14	648	544	0.8395061728395061	370	336	214	209	-5	0.9766355140186916	0.6365895540493653	0.6893850163928088
EOG09263WLB	True	14	14	435	390	0.896551724137931	213	201	132	128	-4	0.9696969696969697	0.50484971597784	0.5249380150638815
EOG09263WM5	True	14	14	1009	951	0.9425173439048563	553	545	313	313	0	1.0	0.6117145402775817	0.6406098539853626
EOG09263WSS	True	14	14	272	229	0.8419117647058824	114	96	45	45	0	1.0	0.4616626027062983	0.4602720652169032
EOG09263WWI	True	14	14	322	258	0.8012422360248447	123	109	91	88	-3	0.967032967032967	0.41506433316784164	0.4592322519596227
EOG09263WZ2	True	13	13	423	356	0.8416075650118203	210	188	114	108	-6	0.9473684210526315	0.4787090042976375	0.48751832388646954
EOG09263X0V	True	13	13	944	751	0.7955508474576272	636	521	414	373	-41	0.9009661835748792	0.9283744642417702	0.9612916840290363
EOG09263X1F	True	11	11	304	299	0.9835526315789473	107	105	60	60	0	1.0	0.3822457104176289	0.3812838749318242
EOG09263X22	True	12	12	333	292	0.8768768768768769	171	168	101	101	0	1.0	0.5158022063131713	0.5779525161037193
EOG09263X4B	True	14	14	288	282	0.9791666666666666	121	118	66	65	-1	0.9848484848484849	0.4386591747594247	0.43291564951534217
EOG09263XN3	True	12	12	407	273	0.6707616707616708	211	165	88	86	-2	0.9772727272727273	0.5804523601663197	0.6761345465031939
EOG09263XVS	True	14	14	609	468	0.7684729064039408	417	371	298	282	-16	0.9463087248322147	0.9628933441409099	1.118917259798843
EOG09263XZN	True	14	14	688	260	0.37790697674418605	314	111	90	68	-22	0.7555555555555555	0.482353021879859	0.4150910501940057
EOG09263Y3L	True	13	13	343	330	0.9620991253644315	179	174	128	126	-2	0.984375	0.5542285608601937	0.5601668923600844
EOG09263YBT	True	14	14	827	495	0.5985489721886336	579	400	429	324	-105	0.7552447552447552	1.0624730636164146	1.221633784988973
EOG09263YFH	True	14	14	284	268	0.9436619718309859	138	137	100	99	-1	0.99	0.4850452612880227	0.5103269629468814
EOG09263YFX	True	13	13	459	370	0.8061002178649237	239	217	157	151	-6	0.9617834394904459	0.7079561880587747	0.7993792183279623
EOG09263YUI	True	14	14	1104	977	0.884963768115942	844	823	575	574	-1	0.9982608695652174	1.0638068174263584	1.1765149782571482
EOG09263Z41	True	13	13	522	318	0.6091954022988506	240	217	131	131	0	1.0	0.5105115674887487	0.7587967597821407
EOG09263Z8I	True	7	7	242	228	0.9421487603305785	122	119	53	53	0	1.0	0.6111020959475136	0.6244728799284639
EOG09263ZBF	True	13	13	323	261	0.8080495356037152	113	81	54	54	0	1.0	0.3197217890229484	0.26441376251905446
EOG09263ZBJ	True	13	13	454	185	0.40748898678414097	326	139	176	98	-78	0.5568181818181818	1.0589658095224301	1.0227780265632225
EOG09263ZSC	True	13	13	414	326	0.7874396135265701	252	231	160	158	-2	0.9875	0.769985293646277	0.8803620486206175
EOG09263ZW6	True	13	13	280	229	0.8178571428571428	150	133	81	77	-4	0.9506172839506173	0.5955988399576023	0.6339259579903731
EOG0926400M	True	13	13	403	310	0.7692307692307693	184	168	93	91	-2	0.978494623655914	0.4518917338491863	0.530701695125074
EOG0926407T	True	12	12	296	252	0.8513513513513513	165	153	92	89	-3	0.967391304347826	0.5305494486088591	0.5654527022793905
EOG092640BS	True	14	14	652	380	0.5828220858895705	240	208	161	155	-6	0.9627329192546584	0.4516522218519513	0.6718836264527571
EOG092640ET	True	13	13	451	437	0.9689578713968958	221	215	128	126	-2	0.984375	0.45230409006964306	0.44834403813183715
EOG092640IZ	True	14	14	269	259	0.9628252788104089	140	139	97	97	0	1.0	0.6195235541725713	0.6395823786579987
EOG092640PR	True	14	14	2135	1495	0.7002341920374707	1366	1171	824	768	-56	0.9320388349514563	0.7875858167636959	0.9719080238655001
EOG092640WA	True	9	9	1608	296	0.18407960199004975	242	212	116	115	-1	0.9913793103448276	0.2104638975869311	1.0284965175322869
EOG092640ZF	True	14	14	255	200	0.7843137254901961	76	71	35	35	0	1.0	0.2400418717895313	0.28146190736137994
EOG0926419M	True	14	14	332	298	0.8975903614457831	135	127	79	73	-6	0.9240506329113924	0.37561124927781936	0.3847182365400706
EOG092641A6	True	14	14	393	362	0.9211195928753181	229	217	160	157	-3	0.98125	0.6087079589382921	0.6226604788020275
EOG092641G3	True	14	14	427	373	0.8735362997658079	217	206	113	113	0	1.0	0.4937014227177344	0.5326432551292659
EOG092641K1	True	14	14	213	193	0.9061032863849765	114	104	76	73	-3	0.9605263157894737	0.588228582972729	0.5794683036934093
EOG092641M3	True	14	14	288	276	0.9583333333333334	76	76	46	46	0	1.0	0.2035945151388334	0.21244645057965225
EOG092641UM	True	14	14	418	289	0.6913875598086124	197	170	127	120	-7	0.9448818897637795	0.6121330894414821	0.7585758305705231
EOG0926420U	True	14	14	407	362	0.8894348894348895	227	214	160	158	-2	0.9875	0.7134395306802153	0.7628196032328579
EOG0926423H	True	13	13	467	387	0.828693790149893	285	247	209	195	-14	0.9330143540669856	0.7815609789111124	0.8092929045349696
EOG0926425H	True	13	13	225	201	0.8933333333333333	121	115	84	79	-5	0.9404761904761905	0.6326963120604104	0.6670870479848946
EOG09264272	True	14	14	246	239	0.9715447154471545	115	114	74	74	0	1.0	0.4325946647921008	0.44342590189094255
EOG092642CB	True	14	14	346	303	0.8757225433526011	189	186	119	119	0	1.0	0.6034937731759621	0.6792371139237059
EOG092642I5	True	14	14	908	473	0.5209251101321586	310	308	207	206	-1	0.9951690821256038	0.38123797110831953	0.7264512493453027
EOG092642UD	True	14	14	472	402	0.8516949152542372	310	275	215	203	-12	0.9441860465116279	0.9018293648582144	0.9349521209371802
EOG0926431P	True	14	14	270	259	0.9592592592592593	108	102	68	66	-2	0.9705882352941176	0.3957390835922291	0.38245934174444013
EOG09264331	True	14	14	770	479	0.6220779220779221	475	386	245	245	0	1.0	0.7629097617771604	1.037752083154568
EOG0926436T	True	14	14	242	234	0.9669421487603306	121	121	79	79	0	1.0	0.4923545763762771	0.5091872114660643
EOG09264398	True	13	13	309	292	0.9449838187702265	191	190	135	135	0	1.0	0.6743146874441572	0.7067234192474129
EOG092643IE	True	14	14	292	263	0.9006849315068494	172	160	113	106	-7	0.9380530973451328	0.6655113158788124	0.6692427390882952
EOG092643JW	True	13	13	1768	239	0.1351809954751131	864	167	197	109	-88	0.5532994923857868	0.5584255637506561	0.84005207009053
EOG092643NE	True	14	14	432	214	0.49537037037037035	231	191	160	142	-18	0.8875	0.7915509857423935	1.2892357194962791
EOG092643QM	True	8	8	322	250	0.7763975155279503	200	172	91	90	-1	0.989010989010989	0.8244006524058095	0.9326397101827161
EOG092643QW	True	13	13	378	305	0.8068783068783069	144	127	88	84	-4	0.9545454545454546	0.4088849265436591	0.45067645983280075
EOG092643S6	True	14	14	1651	349	0.2113870381586917	454	276	209	197	-12	0.9425837320574163	0.34804991547921654	1.0936588349912415
EOG092643VB	True	14	14	344	268	0.7790697674418605	197	165	97	88	-9	0.9072164948453608	0.6749355353611035	0.6812019068410915
EOG092643Y5	True	14	14	402	287	0.7139303482587065	238	199	141	133	-8	0.9432624113475178	0.6995787120990786	0.8054217903182385
EOG09264441	True	14	14	289	266	0.9204152249134948	117	112	73	70	-3	0.958904109589041	0.4105559208681939	0.4135437191883063
EOG0926448Q	True	13	13	1042	214	0.2053742802303263	588	157	112	105	-7	0.9375	0.64075145870983	0.8823592294178315
EOG092644DY	True	13	13	2929	790	0.2697166268350973	1932	672	1007	530	-477	0.5263157894736842	0.7915895148117869	1.0289640283872319
EOG092644K0	True	14	14	345	257	0.744927536231884	194	176	118	116	-2	0.9830508474576272	0.6397009909290815	0.7660192628839549
EOG092644N1	True	13	13	304	240	0.7894736842105263	179	159	111	108	-3	0.972972972972973	0.7270708566102801	0.8241863367577206
EOG092644O2	True	14	14	1112	246	0.22122302158273383	303	61	29	29	0	1.0	0.2781559786772795	0.1741046166156573
EOG092644TW	True	12	12	258	254	0.9844961240310077	117	115	70	70	0	1.0	0.4664460026029151	0.465917593195087
EOG092644WX	True	14	14	374	292	0.7807486631016043	141	118	69	68	-1	0.9855072463768116	0.3278666570408461	0.34235270594726613
EOG092644X6	True	13	13	367	304	0.8283378746594006	149	131	79	72	-7	0.9113924050632911	0.41945852662093713	0.44066910067122383
EOG092644Z6	True	10	10	256	252	0.984375	95	94	60	60	0	1.0	0.40671983522531596	0.40953167453820005
EOG092644ZU	True	14	14	238	230	0.9663865546218487	116	115	85	85	0	1.0	0.5034825175178239	0.5141038116022649
EOG0926457R	True	13	13	877	265	0.30216647662485746	110	110	58	58	0	1.0	0.1215642087065007	0.4023087208890608
EOG0926458I	True	14	14	294	262	0.891156462585034	128	124	77	77	0	1.0	0.45573305544546083	0.4923828823475726
EOG092645G0	True	14	14	304	280	0.9210526315789473	62	60	26	26	0	1.0	0.166161325044626	0.17326086719130823
EOG092645L9	True	14	14	481	432	0.8981288981288982	274	261	160	160	0	1.0	0.6015220094060675	0.641738037846572
EOG092645LS	True	14	14	214	187	0.8738317757009346	102	92	63	59	-4	0.9365079365079365	0.5327343694885822	0.5410573412018282
EOG092645MK	True	14	14	366	336	0.9180327868852459	186	172	115	115	0	1.0	0.5608978909017851	0.5633385043882287
EOG092645OU	True	14	14	355	353	0.9943661971830986	60	60	28	28	0	1.0	0.11077391455671201	0.11140152880349224
EOG092645QN	True	12	12	283	254	0.8975265017667845	48	45	26	26	0	1.0	0.1333429327687057	0.13675610225804613
EOG092645TJ	True	14	14	410	294	0.7170731707317073	268	240	168	167	-1	0.9940476190476191	0.8021849743971375	1.0091789043003034
EOG092645U1	True	14	14	550	401	0.7290909090909091	372	311	246	236	-10	0.959349593495935	0.9451668858076628	1.1154122198582332
EOG092646C6	True	1	1	1789	1789	1.0	0	0	0	0	0		0.0	0.0
EOG092646CB	True	14	14	575	534	0.928695652173913	315	298	216	213	-3	0.9861111111111112	0.6715967690801153	0.6810756860863217
EOG092646EZ	True	12	12	340	274	0.8058823529411765	156	150	84	82	-2	0.9761904761904762	0.4845953377370124	0.5721030026507903
EOG092646PE	True	14	14	529	330	0.6238185255198487	268	256	157	155	-2	0.9872611464968153	0.6163693062333567	0.9448909726797007
EOG092646VF	True	13	13	1642	263	0.16017052375152252	210	192	90	85	-5	0.9444444444444444	0.12106304281283123	0.6638760033277664
EOG092646WF	True	13	13	501	349	0.6966067864271457	292	262	195	190	-5	0.9743589743589743	0.6940788340642084	0.8950336560372975
EOG09264719	True	14	14	319	266	0.8338557993730408	117	116	67	67	0	1.0	0.3696055429534826	0.4360234590499007
EOG0926477X	True	13	13	270	259	0.9592592592592593	158	155	78	76	-2	0.9743589743589743	0.49387551990729506	0.4986392847075076
EOG092647CM	True	13	13	411	270	0.656934306569343	234	203	140	132	-8	0.9428571428571428	0.6623292279799183	0.8736882711285683
EOG092647L7	True	14	14	321	264	0.822429906542056	41	40	23	22	-1	0.9565217391304348	0.11793264734779539	0.1408043233447094
EOG09264829	True	13	13	380	329	0.8657894736842106	274	260	183	181	-2	0.9890710382513661	0.9279202097038116	1.0268702502304226
EOG0926484N	True	13	13	388	298	0.7680412371134021	212	180	132	121	-11	0.9166666666666666	0.6254358840886175	0.6875496979144151
EOG09264873	True	14	14	313	248	0.792332268370607	148	145	90	89	-1	0.9888888888888889	0.5460373922353905	0.6750259896568614
EOG09264881	True	14	14	666	585	0.8783783783783784	280	260	162	157	-5	0.9691358024691358	0.3972769523803582	0.41405608091868984
EOG0926489S	True	11	11	940	286	0.30425531914893617	162	145	77	74	-3	0.961038961038961	0.17229700633403514	0.5003579818090752
EOG092648K5	True	14	14	222	215	0.9684684684684685	104	99	52	52	0	1.0	0.4137920886427437	0.4034891931492028
EOG092648LP	True	14	14	381	356	0.9343832020997376	262	259	184	184	0	1.0	0.8202287393401804	0.8692135365176217
EOG092648O6	True	13	13	534	327	0.6123595505617978	340	246	154	148	-6	0.961038961038961	0.7110212654169299	0.8278179486198791
EOG092648Q0	True	13	13	223	221	0.9910313901345291	29	28	8	8	0	1.0	0.09233894854920877	0.09049734275063903
EOG092648U2	True	14	14	1464	349	0.2383879781420765	560	203	175	74	-101	0.4228571428571429	0.41024824761191003	0.5133812438159434
EOG092648VW	True	14	14	464	315	0.6788793103448276	210	148	104	96	-8	0.9230769230769231	0.4657817653389312	0.46729907710120755
EOG092648XW	True	14	14	343	271	0.7900874635568513	181	155	94	93	-1	0.9893617021276596	0.5406358584440065	0.5850897267631295
EOG09264903	True	14	14	275	267	0.9709090909090909	46	46	14	14	0	1.0	0.1008634263432013	0.10388555147708001
EOG09264904	True	13	13	243	237	0.9753086419753086	128	128	88	88	0	1.0	0.5684936055663654	0.5828858487452606
EOG0926499W	True	14	14	1002	793	0.7914171656686627	585	528	425	410	-15	0.9647058823529412	0.8916396108589902	1.0287676883577244
EOG092649QJ	True	12	12	468	350	0.7478632478632479	322	275	230	213	-17	0.9260869565217391	0.9899173475512906	1.1209117939611364
EOG092649VA	True	14	14	325	285	0.8769230769230769	221	203	147	145	-2	0.9863945578231292	0.7936128510204613	0.8267171559880471
EOG092649VG	True	14	14	359	349	0.9721448467966574	183	182	94	94	0	1.0	0.5035271426983744	0.5150895250106488
EOG092649XV	True	13	13	442	386	0.8733031674208145	345	321	199	196	-3	0.9849246231155779	0.9648360641573962	1.041201639083461
EOG09264A2D	True	13	13	568	289	0.5088028169014085	195	191	125	123	-2	0.984	0.4184286901256617	0.8010405013902974
EOG09264A8D	True	13	13	345	318	0.9217391304347826	195	186	133	133	0	1.0	0.7068923217493124	0.7360722025405794
EOG09264ABT	True	13	13	223	190	0.852017937219731	127	111	86	86	0	1.0	0.6095534820927381	0.6366743219806819
EOG09264AWW	True	12	12	652	234	0.3588957055214724	344	186	163	136	-27	0.8343558282208589	0.688135293171359	1.0560172635601393
EOG09264B2P	True	12	12	453	391	0.8631346578366446	259	247	162	161	-1	0.9938271604938271	0.7774556646514932	0.8609047793586693
EOG09264B2X	True	14	14	745	594	0.7973154362416107	413	379	178	168	-10	0.9438202247191011	0.4937220978978513	0.5420147622867203
EOG09264B3O	True	13	13	862	437	0.5069605568445475	339	271	192	186	-6	0.96875	0.48192409255925484	0.780123969228943
EOG09264B74	True	14	14	1602	353	0.22034956304619227	425	279	274	224	-50	0.8175182481751825	0.37213007115556873	1.0982345980220494
EOG09264BIX	True	13	13	406	305	0.7512315270935961	252	221	147	140	-7	0.9523809523809523	0.7476901730271458	0.8670334239030033
EOG09264BJC	True	14	14	251	227	0.9043824701195219	86	78	51	50	-1	0.9803921568627451	0.3362620343631964	0.33813936869819233
EOG09264BOA	True	14	14	739	634	0.857916102841678	570	517	381	356	-25	0.9343832020997376	1.0582941348918142	1.106313311470442
EOG09264BWL	True	14	14	318	233	0.7327044025157232	224	194	149	138	-11	0.9261744966442953	1.0049266391903298	1.1741888556027018
EOG09264C3N	True	14	14	1067	267	0.25023430178069356	192	178	123	117	-6	0.9512195121951219	0.19530461564196233	0.7079840273912802
EOG09264C3V	True	12	12	787	478	0.6073697585768743	435	367	268	255	-13	0.9514925373134329	0.7464117137410229	1.0355264725754045
EOG09264CA0	True	14	14	306	269	0.8790849673202614	243	230	162	156	-6	0.9629629629629629	1.079086254940152	1.1378299888092256
EOG09264CH7	True	14	14	1894	1307	0.6900739176346357	1095	1012	728	723	-5	0.9931318681318682	0.7945831098557689	1.0770116487980037
EOG09264CND	True	14	14	917	288	0.31406761177753545	258	247	154	154	0	1.0	0.34662937600064236	1.0639323650172252
EOG09264COX	True	14	14	321	286	0.8909657320872274	129	123	79	78	-1	0.9873417721518988	0.389761829173807	0.4134091514060086
EOG09264CP4	True	11	11	233	199	0.8540772532188842	141	139	42	42	0	1.0	0.47984959042963465	0.5521942650052782
EOG09264CP8	True	13	13	330	301	0.9121212121212121	152	141	101	101	0	1.0	0.5774078522219382	0.5915312271006535
EOG09264CST	True	14	14	510	410	0.803921568627451	258	243	146	138	-8	0.9452054794520548	0.4915995541074857	0.5677921361002652
EOG09264D7Y	True	14	14	332	276	0.8313253012048193	102	93	54	52	-2	0.9629629629629629	0.2407869787672053	0.25488571752911326
EOG09264DIM	True	14	14	1183	241	0.2037193575655114	387	147	96	94	-2	0.9791666666666666	0.3829214889902791	0.8000609927553612
EOG09264DJ8	True	13	13	422	370	0.8767772511848341	223	204	121	115	-6	0.9504132231404959	0.5332394791265321	0.5350270839583307
EOG09264DMU	True	12	12	593	175	0.2951096121416526	330	131	181	103	-78	0.569060773480663	0.8206813731720737	1.0455085062577654
EOG09264DOU	True	14	14	477	375	0.7861635220125787	290	237	184	168	-16	0.9130434782608695	0.7540246563602474	0.7823125733458264
EOG09264DT4	True	14	14	834	573	0.6870503597122302	397	382	151	146	-5	0.9668874172185431	0.3976550357298194	0.5490613175702581
EOG09264DY4	True	13	13	544	310	0.5698529411764706	363	218	176	166	-10	0.9431818181818182	0.8436786517407912	0.8773613142652673
EOG09264DYD	True	14	14	742	602	0.8113207547169812	337	297	208	192	-16	0.9230769230769231	0.4653809600472245	0.499237035012321
EOG09264E5J	True	14	14	649	401	0.6178736517719569	341	277	175	162	-13	0.9257142857142857	0.5960852668416329	0.7720195494014359
EOG09264E6Z	True	11	11	1890	265	0.1402116402116402	653	184	156	147	-9	0.9423076923076923	0.4023748070672644	1.003023724195788
EOG09264EGS	True	13	13	1309	211	0.16119174942704353	367	154	191	94	-97	0.49214659685863876	0.3899900458676786	0.8079915476992058
EOG09264ENO	True	13	13	1544	295	0.19106217616580312	311	212	170	154	-16	0.9058823529411765	0.2625130897124258	0.9777719911645957
EOG09264F1U	True	14	14	471	403	0.8556263269639066	254	229	166	157	-9	0.9457831325301205	0.6499155888888738	0.6858722429635551
EOG09264F60	True	14	14	259	180	0.694980694980695	86	86	42	42	0	1.0	0.27906340154141585	0.4015412277734816
EOG09264FOM	True	12	12	204	201	0.9852941176470589	80	78	51	49	-2	0.9607843137254902	0.4376424821704512	0.43208441717059765
EOG09264FVQ	True	12	12	332	301	0.9066265060240963	171	165	93	93	0	1.0	0.5018758593115092	0.5330443309648754
EOG09264FWI	True	14	14	535	492	0.9196261682242991	349	338	249	245	-4	0.9839357429718876	0.8899326699389661	0.9352551306574447
EOG09264FXB	True	14	14	1723	904	0.5246662797446314	833	604	415	400	-15	0.963855421686747	0.5669908511329665	0.8128348783495399
EOG09264FYY	True	11	11	708	615	0.8686440677966102	496	445	264	253	-11	0.9583333333333334	0.8808012488546052	0.8965119580445047
EOG09264G04	True	14	14	348	179	0.514367816091954	114	57	32	25	-7	0.78125	0.3207422325907388	0.24954011275584262
EOG09264G0H	True	12	12	298	280	0.9395973154362416	191	181	127	124	-3	0.9763779527559056	0.7691159425768059	0.7743883147236823
EOG09264G1F	True	14	14	672	400	0.5952380952380952	294	241	142	127	-15	0.8943661971830986	0.4172938253267248	0.5527650204272133
EOG09264G1I	True	14	14	455	312	0.6857142857142857	122	108	79	75	-4	0.9493670886075949	0.2852362834376771	0.36847727003675323
EOG09264G4X	True	11	11	1429	1286	0.8999300209937019	370	357	14	14	0	1.0	0.2577206346028451	0.27626966317843366
EOG09264G7L	True	14	14	247	216	0.8744939271255061	192	172	127	124	-3	0.9763779527559056	1.1439526093946035	1.169190136999239
EOG09264GMT	True	14	14	513	349	0.6803118908382066	203	194	132	132	0	1.0	0.4260123176333908	0.5991611066984998
EOG09264GQZ	True	14	14	370	233	0.6297297297297297	177	152	86	79	-7	0.9186046511627907	0.5143889315029679	0.655098601787907
EOG09264HHW	True	13	13	288	211	0.7326388888888888	39	38	22	22	0	1.0	0.12340692428276423	0.16408956568427302
EOG09264HN5	True	10	10	329	191	0.5805471124620061	244	160	149	106	-43	0.7114093959731543	1.1120368236984122	1.1904140837580754
EOG09264HOY	True	14	14	561	520	0.9269162210338681	380	369	224	219	-5	0.9776785714285714	0.6378239493901299	0.6643951562504754
EOG09264HTG	True	13	13	282	264	0.9361702127659575	53	51	27	26	-1	0.9629629629629629	0.18087298019778458	0.1827043115298199
EOG09264HU0	True	14	14	1012	382	0.3774703557312253	349	302	223	197	-26	0.8834080717488789	0.4641191761689894	1.04535553424166
EOG09264HX6	True	10	10	1456	163	0.11195054945054946	236	128	127	87	-40	0.6850393700787402	0.22899861042152503	1.041905401772913
EOG09264I14	True	14	14	223	189	0.8475336322869955	95	93	47	46	-1	0.9787234042553191	0.4186863376997672	0.48146086091319273
EOG09264I6B	True	12	12	269	221	0.8215613382899628	191	171	126	117	-9	0.9285714285714286	0.9167797642413799	0.984997403931938
EOG09264I9J	True	14	14	600	473	0.7883333333333333	291	262	175	168	-7	0.96	0.5437705270442162	0.613756984347
EOG09264IDN	True	14	14	481	234	0.4864864864864865	303	164	151	118	-33	0.7814569536423841	0.8651437263936783	0.9878447363552672
EOG09264IG5	True	14	14	410	215	0.524390243902439	144	88	59	59	0	1.0	0.3246815294422643	0.35869500963408546
EOG09264IIZ	True	14	14	262	197	0.7519083969465649	136	120	80	74	-6	0.925	0.5707786412756065	0.6658901298914097
EOG09264IKZ	True	13	13	287	193	0.6724738675958188	180	168	138	135	-3	0.9782608695652174	0.9184803086452861	1.2916333512928948
EOG09264IMV	True	13	13	270	254	0.9407407407407408	57	55	27	27	0	1.0	0.17316986435295512	0.17497868208991635
EOG09264IOS	True	14	14	252	242	0.9603174603174603	106	105	53	53	0	1.0	0.3696701292413564	0.3793392269395652
EOG09264IPL	True	14	14	355	301	0.847887323943662	231	217	171	169	-2	0.9883040935672515	0.9641186102699254	1.0653411479425534
EOG09264IQ7	True	14	14	611	504	0.8248772504091653	479	397	350	305	-45	0.8714285714285714	1.234637940484375	1.2196454142289461
EOG09264IV9	True	14	14	595	316	0.5310924369747899	346	198	180	146	-34	0.8111111111111111	0.7466952425518463	0.7947000653680514
EOG09264J8E	True	14	14	313	253	0.8083067092651757	215	198	153	151	-2	0.9869281045751634	0.867295993339445	1.0029757661297676
EOG09264JHE	True	14	14	214	209	0.9766355140186916	49	47	27	27	0	1.0	0.18494170557717854	0.1771959834943379
EOG09264JK1	True	14	14	454	281	0.6189427312775331	239	214	107	107	0	1.0	0.5542402924898587	0.8083528398550536
EOG09264JQ1	True	14	14	572	428	0.7482517482517482	349	269	211	176	-35	0.8341232227488151	0.6933172691309953	0.6903920602290736
EOG09264JW6	True	11	11	1441	276	0.19153365718251214	153	137	88	83	-5	0.9431818181818182	0.12987348604378654	0.6014583356523157
EOG09264K2W	True	11	11	393	346	0.8804071246819338	272	260	142	141	-1	0.9929577464788732	0.8413136286893308	0.9125331988149029
EOG09264KDO	True	14	14	233	225	0.9656652360515021	128	125	83	80	-3	0.963855421686747	0.5693400857797012	0.5658552778315928
EOG09264KIV	True	13	13	581	373	0.6419965576592083	339	282	227	214	-13	0.9427312775330396	0.7657626036084864	1.0136833286048403
EOG09264KK7	True	14	14	257	198	0.7704280155642024	140	97	79	70	-9	0.8860759493670886	0.6248678175437818	0.4851391379199273
EOG09264KO7	True	14	14	296	248	0.8378378378378378	158	141	111	106	-5	0.954954954954955	0.5419192611776311	0.5702860680334894
EOG09264KSI	True	14	14	200	188	0.94	115	112	77	77	0	1.0	0.6353390478995241	0.6624181029816932
EOG09264KTU	True	6	6	591	268	0.45346869712351945	218	204	42	42	0	1.0	0.42772439058431794	0.8865901789705894
EOG09264L06	True	14	14	292	227	0.7773972602739726	180	166	123	121	-2	0.983739837398374	0.8283145655208456	0.9896928807036721
EOG09264L0C	True	13	13	634	426	0.6719242902208202	283	224	50	50	0	1.0	0.5377416695081083	0.651907691971454
EOG09264L3W	True	14	14	390	320	0.8205128205128205	202	187	106	104	-2	0.9811320754716981	0.5145033208166034	0.5744306095159766
EOG09264L6D	True	14	14	643	400	0.6220839813374806	325	307	192	192	0	1.0	0.6403168120917414	0.9818562676227205
EOG09264LBC	True	13	13	226	217	0.9601769911504425	52	52	29	29	0	1.0	0.17931548663612276	0.18675253446895734
EOG09264LC7	True	14	14	570	316	0.5543859649122806	306	248	205	175	-30	0.8536585365853658	0.7725523704494985	1.0934930620937189
EOG09264LH2	True	14	14	642	415	0.6464174454828661	346	320	227	224	-3	0.986784140969163	0.6791690523976404	0.976583018799448
EOG09264LJU	True	13	13	514	482	0.9377431906614786	357	352	235	235	0	1.0	1.07337666186074	1.1342647389967224
EOG09264LKR	True	14	14	559	418	0.7477638640429338	192	170	49	49	0	1.0	0.3779405518156363	0.45032580171575187
EOG09264MGU	True	14	14	730	459	0.6287671232876713	332	293	202	190	-12	0.9405940594059405	0.5481954248401407	0.7548597161212206
EOG09264MIL	True	14	14	253	244	0.9644268774703557	112	109	69	67	-2	0.9710144927536232	0.46833142997399096	0.4749126288719021
EOG09264MN3	True	12	12	180	149	0.8277777777777777	98	86	61	57	-4	0.9344262295081968	0.5608087446450735	0.5809449434171732
EOG09264MZ1	True	13	13	321	194	0.6043613707165109	169	110	113	81	-32	0.7168141592920354	0.696360660194883	0.7017602654223212
EOG09264NC7	True	14	14	238	226	0.9495798319327731	118	113	85	82	-3	0.9647058823529412	0.49215121361736663	0.4908077200538576
EOG09264NDD	True	14	14	603	489	0.8109452736318408	344	287	204	190	-14	0.9313725490196079	0.6309064859745955	0.627343553757102
EOG09264NEF	True	13	13	278	196	0.7050359712230215	159	127	64	62	-2	0.96875	0.6411419806839154	0.6885420247401045
EOG09264NJ1	True	14	14	953	774	0.8121720881427072	722	617	444	417	-27	0.9391891891891891	0.974420888626906	1.033040210354417
EOG09264NNY	True	13	13	389	255	0.6555269922879178	198	156	111	105	-6	0.9459459459459459	0.5762770408627906	0.6895410772527234
EOG09264O2D	True	13	13	184	180	0.9782608695652174	122	121	63	63	0	1.0	0.612469800486086	0.6205246849413325
EOG09264O3B	True	14	14	280	199	0.7107142857142857	118	108	81	74	-7	0.9135802469135802	0.4479319296465931	0.5556548895177974
EOG09264O6J	True	14	14	347	211	0.6080691642651297	160	140	83	80	-3	0.963855421686747	0.4889583452928888	0.6790565929739742
EOG09264O9F	True	12	12	281	234	0.8327402135231317	178	150	125	112	-13	0.896	0.7449468081578108	0.7473007506603903
EOG09264OAU	True	14	14	769	305	0.3966189856957087	277	241	169	153	-16	0.9053254437869822	0.42856771596726506	0.9391090030116744
EOG09264OBA	True	13	13	204	195	0.9558823529411765	109	104	58	58	0	1.0	0.4471882524909122	0.4427091527544456
EOG09264OBO	True	13	13	241	194	0.8049792531120332	157	143	86	85	-1	0.9883720930232558	0.7466823594065037	0.8481567945050135
EOG09264OM7	True	14	14	192	189	0.984375	65	64	32	32	0	1.0	0.25118394768016117	0.24841113501466572
EOG09264OML	True	14	14	286	228	0.7972027972027972	125	120	72	72	0	1.0	0.4001210154458733	0.47997636148034983
EOG09264OQ8	True	13	13	405	320	0.7901234567901234	170	148	102	101	-1	0.9901960784313726	0.4506984541563945	0.49693067204562225
EOG09264OXC	True	14	14	223	211	0.9461883408071748	86	79	55	51	-4	0.9272727272727272	0.3235838477944236	0.3020190493981301
EOG09264OYZ	True	13	13	303	209	0.6897689768976898	149	128	86	81	-5	0.9418604651162791	0.6438454074656227	0.8048434646909473
EOG09264P3R	True	14	14	329	254	0.7720364741641338	102	99	47	45	-2	0.9574468085106383	0.23902157113022077	0.29918270312498196
EOG09264P4J	True	14	14	1103	719	0.6518585675430644	816	546	575	389	-186	0.6765217391304348	1.0028818730368416	0.9415050610489459
EOG09264P74	True	14	14	416	349	0.8389423076923077	181	150	89	83	-6	0.9325842696629213	0.42844230921250553	0.40448497680186934
EOG09264PD5	True	12	12	211	188	0.8909952606635071	72	62	52	51	-1	0.9807692307692307	0.35578348498999574	0.3458596245953266
EOG09264PDD	True	13	13	229	173	0.7554585152838428	165	130	117	109	-8	0.9316239316239316	0.9779909778635062	1.007400659343881
EOG09264PE5	True	14	14	675	243	0.36	127	126	70	70	0	1.0	0.15721589037704564	0.43145313813862834
EOG09264PI4	True	14	14	263	173	0.6577946768060836	139	92	72	63	-9	0.875	0.5809556429895527	0.5847012716048534
EOG09264PK5	True	14	14	394	300	0.7614213197969543	184	176	97	96	-1	0.9896907216494846	0.44622115146972424	0.5542133971817366
EOG09264PMA	True	14	14	367	230	0.6267029972752044	218	168	168	147	-21	0.875	0.9281207083043149	1.1675296688594319
EOG09264QRY	True	12	12	400	233	0.5825	145	133	61	61	0	1.0	0.35895949731127225	0.5587751712491266
EOG09264R0D	True	14	14	332	327	0.9849397590361446	184	183	106	105	-1	0.9905660377358491	0.5629208629867141	0.5671387006752739
EOG09264R1U	True	14	14	411	330	0.8029197080291971	241	226	147	145	-2	0.9863945578231292	0.6457113301729038	0.758520638357001
EOG09264R4M	True	14	14	229	225	0.982532751091703	94	94	47	47	0	1.0	0.34898793223875235	0.35519216214521904
EOG09264RBX	True	11	11	330	233	0.706060606060606	171	152	106	104	-2	0.9811320754716981	0.6440413555556087	0.8115029199998954
EOG09264RIE	True	13	13	605	523	0.8644628099173554	316	300	137	133	-4	0.9708029197080292	0.49024604283989404	0.5274840350995114
EOG09264RJ7	True	11	11	190	181	0.9526315789473684	72	72	40	40	0	1.0	0.36414222388969447	0.382248743309624
EOG09264RJL	True	13	13	209	154	0.7368421052631579	120	92	78	71	-7	0.9102564102564102	0.7924175076990233	0.841782250298442
EOG09264RQY	True	14	14	745	415	0.5570469798657718	382	294	66	66	0	1.0	0.582527602972697	0.8336941306377332
EOG09264RR2	True	14	14	267	190	0.7116104868913857	63	49	13	13	0	1.0	0.17292157241552406	0.16931610439444697
EOG09264RW6	True	14	14	275	197	0.7163636363636363	166	132	68	62	-6	0.9117647058823529	0.578729826928044	0.6084354570300446
EOG09264S3E	True	10	10	192	188	0.9791666666666666	83	82	36	36	0	1.0	0.37850587021965537	0.3812400376711374
EOG09264S40	True	14	14	388	331	0.8530927835051546	284	257	192	178	-14	0.9270833333333334	0.9479852525633704	0.999101856860319
EOG09264S4C	True	14	14	438	207	0.4726027397260274	269	171	120	119	-1	0.9916666666666667	0.7784797474889453	1.111654036503654
EOG09264SET	True	13	13	251	194	0.7729083665338645	111	111	38	38	0	1.0	0.34876040527767493	0.4512312460035897
EOG09264SQJ	True	11	11	352	255	0.7244318181818182	157	130	78	78	0	1.0	0.5007907981833757	0.5795102063755788
EOG09264SSI	True	14	14	251	218	0.8685258964143426	137	129	85	84	-1	0.9882352941176471	0.6574303512051435	0.7074389946245488
EOG09264SUZ	True	13	13	211	155	0.7345971563981043	133	100	91	79	-12	0.8681318681318682	0.958450061397681	0.966242988800758
EOG09264T0J	True	14	14	361	221	0.6121883656509696	85	49	29	26	-3	0.896551724137931	0.19363638658082885	0.16337630036542805
EOG09264T1U	True	11	11	2052	336	0.16374269005847952	757	225	101	101	0	1.0	0.37521957187211685	0.6742936923253372
EOG09264T3S	True	14	14	266	242	0.9097744360902256	179	169	114	112	-2	0.9824561403508771	0.8479493211852086	0.8766591542498492
EOG09264T8I	True	13	13	867	389	0.4486735870818916	535	320	244	229	-15	0.9385245901639344	0.7750269665909962	1.1074225366426873
EOG09264THP	True	14	14	476	327	0.6869747899159664	267	246	181	180	-1	0.994475138121547	0.7128280108956375	0.9699798687453274
EOG09264TJN	True	11	11	316	234	0.740506329113924	115	107	62	60	-2	0.967741935483871	0.3748274751779823	0.47028554813259227
EOG09264TQ5	True	14	14	280	242	0.8642857142857143	176	160	96	96	0	1.0	0.6578525017116792	0.6903745170791858
EOG09264U78	True	14	14	931	645	0.6928034371643395	432	401	282	278	-4	0.9858156028368794	0.5202757569806583	0.7009509131273582
EOG09264U81	True	14	14	183	178	0.9726775956284153	125	124	86	86	0	1.0	0.7357600905983729	0.7536002148580146
EOG09264UD3	True	12	12	141	139	0.9858156028368794	38	37	19	18	-1	0.9473684210526315	0.23071373900959063	0.2207788935767998
EOG09264UJF	True	14	14	901	165	0.18312985571587126	163	133	96	94	-2	0.9791666666666666	0.2414693620840518	1.1209516260160424
EOG09264UKL	True	5	5	945	321	0.3396825396825397	611	265	53	43	-10	0.8113207547169812	0.8450044724267702	1.1050344534111636
EOG09264USX	True	14	14	172	169	0.9825581395348837	72	71	45	45	0	1.0	0.33181289122371854	0.32914319895178323
EOG09264UVA	True	14	14	319	226	0.7084639498432602	167	141	49	49	0	1.0	0.5617684809771564	0.6508689141042576
EOG09264V2U	True	14	14	251	188	0.749003984063745	143	126	80	79	-1	0.9875	0.6457630381198701	0.7546414401593581
EOG09264V30	True	13	13	380	143	0.3763157894736842	206	113	84	80	-4	0.9523809523809523	0.6756547506459821	1.0193308889712824
EOG09264V3H	True	14	14	806	514	0.6377171215880894	227	226	122	121	-1	0.9918032786885246	0.2381283284040906	0.3698151621576382
EOG09264V51	True	10	10	754	188	0.2493368700265252	110	107	63	63	0	1.0	0.15823572669667957	0.6176995170765031
EOG09264VC6	True	14	14	408	250	0.6127450980392157	202	171	117	113	-4	0.9658119658119658	0.6177693552121957	0.8725639981182827
EOG09264VRO	True	14	14	526	334	0.6349809885931559	328	262	192	181	-11	0.9427083333333334	0.7971775291475816	1.0333281748669239
EOG09264VZ7	True	14	14	531	218	0.4105461393596987	260	179	111	111	0	1.0	0.5499015939515252	0.9528442685443438
EOG09264W1U	True	14	14	397	269	0.6775818639798489	255	214	138	136	-2	0.9855072463768116	0.719687679332046	0.89864320023229
EOG09264W46	True	12	12	290	254	0.8758620689655172	208	191	130	128	-2	0.9846153846153847	0.8626643769617519	0.9120710645259961
EOG09264W71	True	14	14	226	223	0.9867256637168141	106	105	69	68	-1	0.9855072463768116	0.41434883050777166	0.4132364163439516
EOG09264W7W	True	13	13	390	324	0.8307692307692308	226	216	148	147	-1	0.9932432432432432	0.6614925525510351	0.7568444893338021
EOG09264WF4	True	12	12	495	461	0.9313131313131313	322	313	205	205	0	1.0	0.8420390012016051	0.8849733490817474
EOG09264X31	True	13	13	262	160	0.6106870229007634	84	81	43	43	0	1.0	0.30858002686309866	0.48654979398832393
EOG09264X41	True	13	13	376	258	0.6861702127659575	235	191	131	128	-3	0.9770992366412213	0.7292547492777895	0.8840396369735252
EOG09264X8J	True	14	14	248	177	0.7137096774193549	57	42	23	23	0	1.0	0.2048885638848498	0.19383675428625483
EOG09264X9R	True	14	14	555	361	0.6504504504504505	311	243	198	177	-21	0.8939393939393939	0.7968340601970773	0.9485261932286131
EOG09264XF3	True	14	14	345	302	0.8753623188405797	167	148	109	97	-12	0.8899082568807339	0.4867996935806339	0.48372952718034046
EOG09264XJC	True	12	12	295	243	0.823728813559322	161	160	89	89	0	1.0	0.5342917546362713	0.6445105663279838
EOG09264XKX	True	14	14	399	211	0.5288220551378446	104	102	56	56	0	1.0	0.23960553613847863	0.44290888182451216
EOG09264XLN	True	14	14	346	216	0.6242774566473989	216	171	149	144	-5	0.9664429530201343	0.9813622196064243	1.328694468213088
EOG09264XM2	True	12	12	306	250	0.8169934640522876	215	204	150	147	-3	0.98	1.0111457245929898	1.1842133130820813
EOG09264XOC	True	14	14	274	252	0.9197080291970803	172	164	108	108	0	1.0	0.6543336495808769	0.6823049988270417
EOG09264XOZ	True	14	14	694	610	0.8789625360230547	546	498	397	367	-30	0.924433249370277	1.0043574621192166	1.0290384515547908
EOG09264XPY	True	14	14	225	180	0.8	119	116	68	68	0	1.0	0.5887790474935753	0.7197610547333333
EOG09264XT5	True	14	14	340	249	0.7323529411764705	168	126	91	84	-7	0.9230769230769231	0.5733985032777629	0.5975762272661921
EOG09264XTW	True	14	14	623	607	0.9743178170144462	317	316	197	197	0	1.0	0.5609909546987153	0.5733070259922562
EOG09264XUV	True	4	4	1778	731	0.4111361079865017	663	390	16	15	-1	0.9375	0.3634835385888294	0.5139528417247086
EOG09264XVU	True	13	13	857	264	0.3080513418903151	226	196	147	141	-6	0.9591836734693877	0.3800820180796864	1.0816355475573955
EOG09264XYD	True	12	12	286	207	0.7237762237762237	157	133	92	92	0	1.0	0.6545469179204667	0.7791530905752384
EOG09264Y0W	True	13	13	204	183	0.8970588235294118	109	100	61	60	-1	0.9836065573770492	0.5156795911897314	0.5326252598541857
EOG09264YEG	True	14	14	204	155	0.7598039215686274	25	25	4	4	0	1.0	0.05678373070333738	0.07473471653858596
EOG09264YHS	True	13	13	229	184	0.8034934497816594	88	86	60	60	0	1.0	0.46353335642943344	0.5660279272953276
EOG09264YIJ	True	13	13	646	164	0.25386996904024767	350	132	191	105	-86	0.5497382198952879	0.8013645597257959	1.0301306457775274
EOG09264YKY	True	13	13	294	188	0.6394557823129252	116	97	69	66	-3	0.9565217391304348	0.4111651632093103	0.5262184310253595
EOG09264YNR	True	14	14	685	203	0.29635036496350364	118	103	98	94	-4	0.9591836734693877	0.1857373729215952	0.5471154620535842
EOG09264Z1B	True	14	14	277	172	0.6209386281588448	106	57	41	29	-12	0.7073170731707317	0.4491052074399004	0.33076671082485515
EOG09264Z3D	True	14	14	200	167	0.835	101	89	70	65	-5	0.9285714285714286	0.5955118064903374	0.6011715267902191
EOG09264ZDJ	True	14	14	251	211	0.8406374501992032	161	159	105	105	0	1.0	0.7092365697698336	0.8318406588257262
EOG09264ZDZ	True	13	13	949	226	0.23814541622760801	225	176	140	125	-15	0.8928571428571429	0.3115914179359689	1.0489743606712443
EOG09264ZI5	True	9	9	227	147	0.6475770925110133	85	52	21	21	0	1.0	0.36870143291702695	0.32014978947495654
EOG09264ZQC	True	14	14	222	178	0.8018018018018018	115	100	70	67	-3	0.9571428571428572	0.6076481541005366	0.6540220946204595
EOG09264ZWF	True	13	13	1748	163	0.09324942791762014	58	54	39	37	-2	0.9487179487179487	0.03780407697539653	0.3767264978204742
EOG09264ZXA	True	14	14	291	226	0.7766323024054983	141	128	85	80	-5	0.9411764705882353	0.5487600896205954	0.633737797088451
EOG09265040	True	14	14	388	338	0.8711340206185567	229	221	141	139	-2	0.9858156028368794	0.6749847324626221	0.746875302421988
EOG0926505R	True	14	14	413	245	0.5932203389830508	228	193	157	152	-5	0.9681528662420382	0.7322298005856275	1.0612011572769422
EOG0926506U	True	14	14	190	140	0.7368421052631579	44	43	11	10	-1	0.9090909090909091	0.11828769490114957	0.15610914168956896
EOG0926506Z	True	13	13	186	158	0.8494623655913979	78	70	38	38	0	1.0	0.38586529162646666	0.40267157840659423
EOG092650I8	True	13	13	227	197	0.8678414096916299	146	129	91	89	-2	0.978021978021978	0.828025318973384	0.8245735464266797
EOG092650VI	True	14	14	326	231	0.7085889570552147	203	179	144	131	-13	0.9097222222222222	0.7885502999045225	0.9705750323772009
EOG0926510L	True	14	14	246	223	0.9065040650406504	98	94	57	55	-2	0.9649122807017544	0.3333308138687315	0.35030818940122577
EOG0926514P	True	14	14	151	140	0.9271523178807947	30	28	10	10	0	1.0	0.1254878540784927	0.12541016001587957
EOG092651BA	True	13	13	745	278	0.3731543624161074	320	219	186	156	-30	0.8387096774193549	0.6022354972509639	1.124295926642733
EOG092651FJ	True	13	13	659	410	0.622154779969651	288	269	199	191	-8	0.9597989949748744	0.5742046886163383	0.8536071524857025
EOG092651HW	True	13	13	480	400	0.8333333333333334	293	284	188	186	-2	0.9893617021276596	0.7119785847241521	0.829006535718485
EOG092651K1	True	9	9	1059	134	0.12653446647780925	399	97	53	37	-16	0.6981132075471698	0.39895986552009627	0.6522504533515774
EOG092651LN	True	14	14	167	165	0.9880239520958084	51	51	30	30	0	1.0	0.23484821899156794	0.2376948640702536
EOG092651OF	True	14	14	293	202	0.689419795221843	149	126	104	99	-5	0.9519230769230769	0.6148406451135267	0.7531399120822476
EOG0926522L	True	14	14	243	156	0.6419753086419753	104	79	76	60	-16	0.7894736842105263	0.5301073161392957	0.6263007349920129
EOG092652KR	True	8	8	173	148	0.8554913294797688	44	44	13	13	0	1.0	0.19297795119674635	0.22557557808808865
EOG092652NQ	True	14	14	247	191	0.7732793522267206	111	91	63	60	-3	0.9523809523809523	0.43898077389253143	0.4563106973823063
EOG092652TN	True	14	14	163	131	0.803680981595092	90	86	57	56	-1	0.9824561403508771	0.6263445909121241	0.73240053923076
EOG092652Y6	True	14	14	173	150	0.8670520231213873	41	27	4	4	0	1.0	0.15908973792144784	0.09015016440273652
EOG092652YI	True	13	13	143	128	0.8951048951048951	75	74	38	38	0	1.0	0.6507771294924732	0.7198658881513217
EOG092652ZZ	True	14	14	147	142	0.9659863945578231	79	79	56	56	0	1.0	0.5181701786697173	0.5364156074961157
EOG09265313	True	13	13	317	204	0.6435331230283912	229	171	118	101	-17	0.8559322033898306	0.87253248325762	0.9776097538482873
EOG0926534P	True	14	14	2521	530	0.21023403411344704	1589	301	536	160	-376	0.29850746268656714	0.8303290832591327	0.48701177218008546
EOG0926539T	True	12	12	117	114	0.9743589743589743	62	61	30	30	0	1.0	0.515654598639643	0.5221079817226237
EOG092653KS	True	13	13	235	174	0.7404255319148936	146	109	68	67	-1	0.9852941176470589	0.8217583439142649	0.8460329447076326
EOG092653LT	True	13	13	495	277	0.5595959595959596	290	235	188	177	-11	0.9414893617021277	0.8291311280464233	1.2286713560480975
EOG092653NM	True	12	12	190	162	0.8526315789473684	18	18	15	15	0	1.0	0.09278346177081102	0.10882010948428453
EOG092653O3	True	14	14	276	237	0.8586956521739131	190	179	120	120	0	1.0	0.887500700625004	0.9701974097356172
EOG092653SU	True	14	14	228	155	0.6798245614035088	81	42	23	19	-4	0.8260869565217391	0.3747429166137153	0.2214287250938102
EOG092653VU	True	9	9	733	287	0.39154160982264663	240	230	140	139	-1	0.9928571428571429	0.4323690740830094	1.0483580665900363
EOG092653YS	True	14	14	246	238	0.967479674796748	61	61	20	20	0	1.0	0.15749048289897535	0.16278428064347875
EOG092654KW	True	11	11	780	202	0.258974358974359	404	131	143	82	-61	0.5734265734265734	0.604786420284593	0.6388009073220233
EOG092654LJ	True	14	14	184	165	0.8967391304347826	95	94	58	57	-1	0.9827586206896551	0.5127773262370766	0.5657638062280128
EOG092654O3	True	14	14	225	128	0.5688888888888889	81	74	41	38	-3	0.926829268292683	0.354556081203249	0.5513743341039209
EOG092654QZ	True	14	14	305	222	0.7278688524590164	217	174	133	129	-4	0.9699248120300752	0.9722680523329655	1.0933589864987645
EOG092654RM	True	11	11	142	139	0.9788732394366197	77	76	58	58	0	1.0	0.6942248159929397	0.7020138407985428
EOG092654VM	True	14	14	182	171	0.9395604395604396	76	76	31	31	0	1.0	0.2712917054723697	0.28874321868989056
EOG092654XA	True	13	13	1260	102	0.08095238095238096	496	66	82	36	-46	0.43902439024390244	0.45877155808703046	0.7491155316338696
EOG09265552	True	8	8	207	164	0.7922705314009661	125	110	36	36	0	1.0	0.7098959252795849	0.7943415540358564
EOG09265591	True	14	14	196	140	0.7142857142857143	28	21	15	15	0	1.0	0.13443607664604185	0.126240967573839
EOG092655IF	True	13	13	214	132	0.616822429906542	118	111	82	82	0	1.0	0.7698494357864374	1.1824491021143724
EOG092655L0	True	13	13	222	156	0.7027027027027027	128	106	75	72	-3	0.96	0.6993052765299994	0.8288137711067347
EOG092655M5	True	14	14	357	269	0.7535014005602241	213	171	129	111	-18	0.8604651162790697	0.703653809303919	0.7220376932201329
EOG092655SO	True	14	14	396	310	0.7828282828282829	264	233	169	164	-5	0.9704142011834319	0.8100841714947423	0.9124387487372917
EOG092656CM	True	14	14	212	198	0.9339622641509434	91	89	35	34	-1	0.9714285714285714	0.2976955314547572	0.31046075120942757
EOG092656IY	True	7	7	272	207	0.7610294117647058	168	158	77	76	-1	0.987012987012987	0.803488078063396	0.9954954304702524
EOG092656JA	True	13	13	219	141	0.6438356164383562	126	109	67	63	-4	0.9402985074626866	0.6356568970225959	0.828928665260394
EOG092656RK	True	14	14	443	367	0.8284424379232506	243	213	149	141	-8	0.9463087248322147	0.6123171786615231	0.6404960055495863
EOG0926577T	True	13	13	353	324	0.9178470254957507	237	226	149	144	-5	0.9664429530201343	0.7231063479314609	0.7408814097912407
EOG0926578E	True	12	12	532	253	0.4755639097744361	245	177	127	124	-3	0.9763779527559056	0.5751580001017466	0.9022359891850851
EOG092657H8	True	13	13	191	164	0.8586387434554974	81	62	36	36	0	1.0	0.42923271493852927	0.3565070541425662
EOG092657UN	True	13	13	370	327	0.8837837837837837	208	198	144	140	-4	0.9722222222222222	0.6822959999006658	0.7358031264719983
EOG092657YR	True	13	13	160	155	0.96875	56	54	34	33	-1	0.9705882352941176	0.3019826049800117	0.28939517902811734
EOG09265822	True	13	13	275	142	0.5163636363636364	165	93	53	48	-5	0.9056603773584906	0.6790075477736873	0.6648917496761421
EOG0926587S	True	7	7	823	151	0.18347509113001215	283	88	82	45	-37	0.5487804878048781	0.3911990180558274	0.6332798544693793
EOG092658CI	True	14	14	235	201	0.8553191489361702	155	151	107	107	0	1.0	0.8306043885865707	0.9520709257453125
EOG092658NW	True	14	14	405	319	0.7876543209876543	232	227	118	117	-1	0.9915254237288136	0.575835393489511	0.7121409434782553
EOG092658QH	True	11	11	243	160	0.6584362139917695	126	109	83	81	-2	0.9759036144578314	0.6788439957534326	0.9107090873996416
EOG092658SK	True	13	13	182	153	0.8406593406593407	22	22	8	8	0	1.0	0.060343642440600996	0.07178132630189138
EOG092658WS	True	14	14	1170	188	0.1606837606837607	183	132	88	78	-10	0.8863636363636364	0.16539319255785478	0.7389114639490403
EOG092658WY	True	12	12	164	133	0.8109756097560976	68	65	33	33	0	1.0	0.38055893411184555	0.44731856661870806
EOG092658X5	True	12	12	275	178	0.6472727272727272	177	139	119	108	-11	0.907563025210084	0.9385504283768401	1.1915744707984797
EOG092658ZO	True	13	13	200	177	0.885	135	133	92	91	-1	0.9891304347826086	0.7658132438778413	0.8520946191336665
EOG0926591L	True	12	12	275	202	0.7345454545454545	163	141	90	88	-2	0.9777777777777777	0.7695524730650701	0.9116572091716226
EOG092659DX	True	12	12	277	166	0.5992779783393501	206	116	128	98	-30	0.765625	1.1643564483183244	1.2081980148248215
EOG092659OC	True	12	12	284	199	0.7007042253521126	151	133	80	80	0	1.0	0.6612255331069362	0.8307291396040272
EOG09265A08	True	14	14	269	171	0.6356877323420075	170	125	93	79	-14	0.8494623655913979	0.813264720458092	0.9038057190307373
EOG09265A4E	True	14	14	192	152	0.7916666666666666	76	57	33	32	-1	0.9696969696969697	0.39205498661574056	0.3481095540688379
EOG09265AL8	True	14	14	243	227	0.934156378600823	144	136	93	92	-1	0.989247311827957	0.5517712033903905	0.5602970049932171
EOG09265ANI	True	14	14	195	191	0.9794871794871794	83	82	45	44	-1	0.9777777777777777	0.35467140595253693	0.3580980086609219
EOG09265AT5	True	8	8	127	124	0.9763779527559056	46	46	18	18	0	1.0	0.3419483260160586	0.3502212693874148
EOG09265B1X	True	14	14	281	241	0.8576512455516014	153	148	80	80	0	1.0	0.5295210140900057	0.5896173243332584
EOG09265B4G	True	12	12	344	220	0.6395348837209303	266	179	131	114	-17	0.8702290076335878	1.1361920723298906	1.1368596499179493
EOG09265B95	True	14	14	1023	213	0.20821114369501467	193	158	130	112	-18	0.8615384615384616	0.25220699726688794	0.9807767842365331
EOG09265BAK	True	14	14	168	116	0.6904761904761905	78	55	28	27	-1	0.9642857142857143	0.42480943252573816	0.3770529901279053
EOG09265BBJ	True	14	14	122	120	0.9836065573770492	65	64	44	44	0	1.0	0.5690004390883403	0.5745754831265688
EOG09265BCT	True	12	12	481	124	0.2577962577962578	116	74	65	59	-6	0.9076923076923077	0.29441080985633356	0.7262461272190557
EOG09265BE5	True	14	14	309	218	0.7055016181229773	157	135	99	95	-4	0.9595959595959596	0.5435600127841904	0.6472801085112634
EOG09265BG5	True	12	12	1630	153	0.09386503067484663	60	60	28	28	0	1.0	0.02920983467525919	0.31118974196517957
EOG09265BJ3	True	14	14	208	156	0.75	99	89	69	68	-1	0.9855072463768116	0.5570595519350998	0.6600547478616824
EOG09265BTA	True	14	14	119	118	0.9915966386554622	4	3	3	2	-1	0.6666666666666666	0.05250870213082101	0.04287977693243079
EOG09265BTC	True	14	14	192	171	0.890625	120	114	94	93	-1	0.9893617021276596	0.7729304907306697	0.8283282716800716
EOG09265BWR	True	14	14	184	146	0.7934782608695652	105	87	53	50	-3	0.9433962264150944	0.5309618107124894	0.5432787594723755
EOG09265C25	True	14	14	978	536	0.5480572597137015	775	483	526	358	-168	0.6806083650190115	1.198264250118658	1.2497023453997564
EOG09265CCT	True	14	14	206	170	0.8252427184466019	51	43	30	30	0	1.0	0.17765866586489	0.1682216774598079
EOG09265CFP	True	13	13	117	116	0.9914529914529915	21	21	15	15	0	1.0	0.13278967022352542	0.13393440875993512
EOG09265CN0	True	11	11	170	149	0.8764705882352941	35	32	22	21	-1	0.9545454545454546	0.21559427023008135	0.22175136157019665
EOG09265CQO	True	14	14	1686	140	0.0830367734282325	686	35	3	3	0	1.0	0.39488856316979765	0.10558655360199161
EOG09265D7J	True	13	13	145	113	0.7793103448275862	49	49	27	27	0	1.0	0.25015370082902066	0.32099368690449553
EOG09265DAV	True	14	14	143	136	0.951048951048951	66	64	33	33	0	1.0	0.4397497124488722	0.44185093845461876
EOG09265DDU	True	14	14	218	154	0.7064220183486238	131	102	75	73	-2	0.9733333333333334	0.7414842571801643	0.8530425099517542
EOG09265DRM	True	13	13	650	233	0.35846153846153844	371	177	149	139	-10	0.9328859060402684	0.8013270717725142	1.2479261735216702
EOG09265DVA	True	11	11	723	223	0.3084370677731674	309	157	126	110	-16	0.873015873015873	0.583391389588233	0.9807623339392296
EOG09265DWT	True	13	13	153	108	0.7058823529411765	8	8	3	3	0	1.0	0.031192769678182044	0.04418975704409123
EOG09265E6R	True	12	12	167	155	0.9281437125748503	65	59	26	25	-1	0.9615384615384616	0.35642868462686594	0.3270444067297532
EOG09265E8A	True	9	9	156	122	0.782051282051282	87	84	51	50	-1	0.9803921568627451	0.6790070376806331	0.8346276502066433
EOG09265EKJ	True	10	10	300	135	0.45	158	96	59	50	-9	0.847457627118644	0.6159859615891641	0.812570743604263
EOG09265EOF	True	14	14	136	129	0.9485294117647058	41	39	23	23	0	1.0	0.2861602856064792	0.2821551425871752
EOG09265ER6	True	12	12	114	112	0.9824561403508771	58	57	32	32	0	1.0	0.5101706593577295	0.5139980570374897
EOG09265F2Y	True	13	13	212	141	0.6650943396226415	117	86	55	53	-2	0.9636363636363636	0.6973078786949188	0.7407261034477303
EOG09265FCK	True	14	14	216	182	0.8425925925925926	76	74	33	33	0	1.0	0.26919697020669464	0.31275522302133674
EOG09265FGA	True	11	11	1344	184	0.13690476190476192	74	62	45	42	-3	0.9333333333333333	0.06841184215878839	0.4066142769827738
EOG09265FI4	True	13	13	124	124	1.0	39	39	22	22	0	1.0	0.246183930353388	0.246183930353388
EOG09265FL1	True	14	14	341	128	0.375366568914956	77	60	15	15	0	1.0	0.17399193878561203	0.3214949805610513
EOG09265FTN	True	14	14	148	101	0.6824324324324325	71	50	27	27	0	1.0	0.48688775555389074	0.49059022591731577
EOG09265FTY	True	14	14	181	126	0.6961325966850829	72	58	44	44	0	1.0	0.33918105835220674	0.3803394918107948
EOG09265G5C	True	14	14	201	198	0.9850746268656716	63	62	41	41	0	1.0	0.31415687439750634	0.30921011948995664
EOG09265G5K	True	14	14	312	214	0.6858974358974359	180	150	98	92	-6	0.9387755102040817	0.8498070485024954	1.024970972226046
EOG09265G9U	True	14	14	209	125	0.5980861244019139	56	47	22	22	0	1.0	0.25051805292531815	0.3181604178071575
EOG09265GGX	True	13	13	239	188	0.7866108786610879	117	108	79	74	-5	0.9367088607594937	0.5307847020245604	0.6177829750535572
EOG09265GSM	True	14	14	138	108	0.782608695652174	80	70	50	49	-1	0.98	0.6190120617739535	0.7030402589324761
EOG09265GXF	True	14	14	573	379	0.6614310645724258	354	299	178	172	-6	0.9662921348314607	0.726655214765231	0.9318866142382205
EOG09265GYD	True	13	13	264	124	0.4696969696969697	170	104	65	64	-1	0.9846153846153847	0.8105436430820686	1.126709520344159
EOG09265GYK	True	14	14	126	123	0.9761904761904762	9	9	2	2	0	1.0	0.03400963002762345	0.0348391331990289
EOG09265H9T	True	14	14	144	104	0.7222222222222222	27	27	16	16	0	1.0	0.14863220305653016	0.20579843500134945
EOG09265HEP	True	14	14	212	129	0.6084905660377359	100	72	46	44	-2	0.9565217391304348	0.4572509766036045	0.5229488532830604
EOG09265HP0	True	14	14	136	133	0.9779411764705882	63	62	47	46	-1	0.9787234042553191	0.46581953813195015	0.46270811324425637
EOG09265HPJ	True	10	10	2003	182	0.090863704443335	864	112	79	77	-2	0.9746835443037974	0.42509248990933435	0.7191885330478709
EOG09265I60	True	13	13	214	141	0.6588785046728972	96	67	29	28	-1	0.9655172413793104	0.41787413001873824	0.39834062505453016
EOG09265I72	True	13	13	178	109	0.6123595505617978	90	54	38	36	-2	0.9473684210526315	0.6130038140852285	0.6154946103167162
EOG09265I7S	True	14	14	200	123	0.615	80	74	42	42	0	1.0	0.39813222592847985	0.6031919578237281
EOG09265IBC	True	14	14	137	124	0.9051094890510949	49	43	34	34	0	1.0	0.3498622736086885	0.33495879725169386
EOG09265IT6	True	14	14	128	114	0.890625	37	37	13	13	0	1.0	0.17299084482209678	0.19423533453709113
EOG09265J36	True	14	14	503	202	0.40159045725646125	224	148	95	88	-7	0.9263157894736842	0.530794808906436	0.8950840213881819
EOG09265JA7	True	10	10	221	157	0.7104072398190046	106	96	58	56	-2	0.9655172413793104	0.5657509966463788	0.7148390741221452
EOG09265JNA	True	5	5	494	113	0.22874493927125505	115	76	25	21	-4	0.84	0.30500746959788205	0.8238980116755926
EOG09265JVH	True	14	14	115	84	0.7304347826086957	45	29	13	12	-1	0.9230769230769231	0.358203726973304	0.24984268910860757
EOG09265JX6	True	13	13	207	187	0.9033816425120773	104	99	8	8	0	1.0	0.5651368149022178	0.5988412870842732
EOG09265K1R	True	14	14	135	111	0.8222222222222222	80	69	52	51	-1	0.9807692307692307	0.8048519949425141	0.8472732778708829
EOG09265K4K	True	13	13	232	166	0.7155172413793104	108	103	71	70	-1	0.9859154929577465	0.6024802842212307	0.8048622295498256
EOG09265K5D	True	13	13	118	83	0.7033898305084746	51	45	34	32	-2	0.9411764705882353	0.45945292737907023	0.5624751110274905
EOG09265K60	True	10	10	2143	640	0.29864675688287445	1387	545	307	218	-89	0.7100977198697068	0.8003229813919559	1.081738841149327
EOG09265KF9	True	12	12	338	112	0.33136094674556216	175	81	65	55	-10	0.8461538461538461	0.6617014003167233	0.9618548589537067
EOG09265KNL	True	14	14	122	115	0.9426229508196722	71	68	37	36	-1	0.972972972972973	0.5648345282769943	0.5722331160260116
EOG09265KPR	True	14	14	208	133	0.6394230769230769	105	86	37	36	-1	0.972972972972973	0.5051167172967903	0.638438375471413
EOG09265KQ4	True	13	13	263	197	0.7490494296577946	198	156	122	110	-12	0.9016393442622951	1.083979303749146	1.132116218429323
EOG09265KSE	True	14	14	131	85	0.648854961832061	67	54	45	39	-6	0.8666666666666667	0.5859281746321756	0.7294069929420517
EOG09265L8N	True	14	14	185	90	0.4864864864864865	80	51	31	31	0	1.0	0.3843786513955479	0.4678894500908484
EOG09265LEG	True	14	14	190	114	0.6	121	73	48	47	-1	0.9791666666666666	0.7619010560277153	0.7542150336540041
EOG09265LIB	True	14	14	259	200	0.7722007722007722	155	139	107	105	-2	0.9813084112149533	0.776452984036524	0.9147057467771005
EOG09265M8S	True	14	14	157	138	0.8789808917197452	90	81	50	48	-2	0.96	0.5327458284174296	0.535873477944537
EOG09265M98	True	12	12	461	302	0.6550976138828634	295	236	191	173	-18	0.9057591623036649	0.9023872967000794	1.119361118520614
EOG09265MAN	True	14	14	292	191	0.6541095890410958	156	120	106	92	-14	0.8679245283018868	0.6096251649645159	0.683568707071304
EOG09265NHW	True	14	14	99	95	0.9595959595959596	27	27	5	5	0	1.0	0.16274741326994877	0.1695999359339466
EOG09265OQH	True	14	14	83	80	0.963855421686747	37	34	17	16	-1	0.9411764705882353	0.3406908763382583	0.31581734141534856
EOG09265PJ3	True	13	13	143	100	0.6993006993006993	74	71	47	46	-1	0.9787234042553191	0.5729316241226147	0.7868390035331533
EOG09265PQX	True	14	14	160	98	0.6125	56	53	32	32	0	1.0	0.34042729513850256	0.5279468700372121
EOG09265PUI	True	14	14	72	69	0.9583333333333334	36	36	17	17	0	1.0	0.3614891934571013	0.3772061149117579
EOG09265QTV	True	2	2	120	100	0.8333333333333334	38	38	0	0	0		0.31666666666666665	0.38
EOG09265RGI	True	1	1	90	90	1.0	0	0	0	0	0		0.0	0.0
EOG09265RGS	True	14	14	1097	160	0.14585232452142205	105	99	67	67	0	1.0	0.10158784053674955	0.6657896631817433
EOG09265SHL	True	14	14	189	98	0.5185185185185185	62	21	8	8	0	1.0	0.2887943220605263	0.13859313132081091
EOG09265SHM	True	11	11	1962	1155	0.5886850152905199	387	183	85	20	-65	0.23529411764705882	0.21099734579316812	0.14815021249625174
