gene_id	eligible_untrimmed	eligible_trimmed	gap_untrimmed	gap_trimmed	length_untrimmed	length_trimmed	pis_untrimmed	pis_trimmed	occupancy_untrimmed	occupancy_trimmed	became_eligible	became_excluded	retained_length_fraction	pis_retained_fraction
EOG0926004Z	True	True	0.1929625156875281	0.0372962412154083	6033	4899	3051	3019	1.0	1.0	False	False	0.8120338140228742	0.9895116355293346
EOG09260075	True	True	0.1237099402498642	0.0021617726535759	3682	3172	950	930	1.0	1.0	False	False	0.8614883215643672	0.9789473684210527
EOG0926009O	True	True	0.0618375386924303	0.0203755392032479	3046	2815	1775	1690	1.0	1.0	False	False	0.9241628365068942	0.952112676056338
EOG092600NM	True	True	0.238481780473663	0.0002124044180118	3203	2354	167	167	1.0	1.0	False	False	0.7349359975023415	1.0
EOG092600S9	True	True	0.2360100727476217	0.0365011872549561	3574	2587	1585	1456	1.0	1.0	False	False	0.7238388360380527	0.9186119873817035
EOG092600SD	True	True	0.2705264168146264	0.0943932744019286	2977	2311	1070	1063	1.0	1.0	False	False	0.7762848505206584	0.9934579439252337
EOG092600SK	True	True	0.3053960277578368	0.004780530204259	3582	2301	1348	1300	1.0	1.0	False	False	0.6423785594639866	0.9643916913946587
EOG092600T4	True	True	0.2088519724243585	0.0021082441787287	2984	2270	584	569	1.0	1.0	False	False	0.7607238605898123	0.9743150684931506
EOG092600T9	True	True	0.0302098173811682	0.0004016601954746	2206	2134	344	343	1.0	1.0	False	False	0.9673617407071623	0.997093023255814
EOG092600W1	True	True	0.1424506828528073	0.0047299456695429	2636	2235	645	640	1.0	1.0	False	False	0.8478755690440061	0.9922480620155039
EOG092600X0	True	True	0.169296788482835	0.0194622792937399	3096	2492	1313	1243	1.0	1.0	False	False	0.8049095607235142	0.9466869763899467
EOG092600XJ	True	True	0.2968051118210862	0.0159155812495646	3130	2051	943	881	1.0	1.0	False	False	0.6552715654952077	0.9342523860021209
EOG092601KZ	True	True	0.44415289925494	0.0034686536485097	2205	1112	389	376	1.0	1.0	False	False	0.5043083900226757	0.9665809768637532
EOG092601YK	True	True	0.0972265261853114	0.0226780009128251	2766	2504	1245	1225	1.0	1.0	False	False	0.9052783803326103	0.9839357429718876
EOG0926025H	True	True	0.473116506135374	0.0364372469635627	2332	874	802	558	0.9285714285714286	0.9285714285714286	False	False	0.3747855917667238	0.6957605985037406
EOG09260274	True	True	0.1206552933673469	0.0270408163265306	1792	1540	1073	1032	1.0	1.0	False	False	0.859375	0.961789375582479
EOG09260289	True	True	0.2882914070313101	0.0309674502712477	1857	1264	668	647	1.0	1.0	False	False	0.6806677436725902	0.968562874251497
EOG092602BZ	True	True	0.3824784276126558	0.0037144564938946	2980	1673	401	397	1.0	1.0	False	False	0.5614093959731543	0.9900249376558603
EOG092602FH	True	True	0.2498987546825959	0.1998790278236005	2822	2598	943	943	1.0	1.0	False	False	0.920623671155209	1.0
EOG092602I6	True	True	0.0377875531838177	0.0035751919313563	1981	1898	686	678	1.0	1.0	False	False	0.9581019687026754	0.9883381924198251
EOG092602MO	True	True	0.3219458438287154	0.0222794446932377	3176	1914	1363	1133	1.0	1.0	False	False	0.6026448362720404	0.8312545854732208
EOG092602OP	True	True	0.0784224466147988	0.0067598017124831	1726	1585	703	701	1.0	1.0	False	False	0.9183082271147162	0.9971550497866287
EOG092602UY	True	True	0.1110452047952048	0.0048898869892784	2288	1972	782	743	1.0	1.0	False	False	0.8618881118881119	0.9501278772378516
EOG09260375	True	True	0.0487498838181987	0.0012340803633132	1537	1447	491	482	1.0	1.0	False	False	0.9414443721535458	0.9816700610997964
EOG092603D0	True	True	0.4764176097647686	0.025541893776144	2411	1127	647	621	1.0	1.0	False	False	0.46744089589382	0.9598145285935085
EOG092603EH	True	True	0.0415124988719429	0.013894069377098	1583	1532	489	488	1.0	1.0	False	False	0.9677826910928616	0.9979550102249489
EOG092603JK	True	True	0.2695388723426106	0.0443594986220997	2782	1607	1473	1062	1.0	1.0	False	False	0.5776419841840402	0.7209775967413442
EOG092603KJ	True	True	0.2497822299651567	0.0123817819810851	1640	1148	379	374	1.0	1.0	False	False	0.7	0.9868073878627969
EOG092603SM	True	True	0.1875358577165806	0.0191726914981239	1992	1561	902	855	1.0	1.0	False	False	0.7836345381526104	0.9478935698447893
EOG092603YJ	True	True	0.0445711005412498	0.0018719254712463	1876	1767	840	823	0.9285714285714286	0.9285714285714286	False	False	0.9418976545842217	0.9797619047619047
EOG0926047G	True	True	0.0447042027304363	0.0031464262233493	1601	1521	461	456	1.0	1.0	False	False	0.9500312304809494	0.9891540130151844
EOG09260492	True	True	0.0600744532340623	0.0069204152249134	1535	1445	523	522	1.0	1.0	False	False	0.9413680781758957	0.9980879541108987
EOG0926049A	True	True	0.0509375	0.0042044911610129	1600	1495	688	666	1.0	1.0	False	False	0.934375	0.9680232558139535
EOG0926049S	True	True	0.2520960052605622	0.0659803297247576	2607	2019	1161	1156	1.0	1.0	False	False	0.7744533947065593	0.9956933677863911
EOG092604A0	True	True	0.2989321998755961	0.0098494554772581	2756	1784	1227	1113	1.0	1.0	False	False	0.6473149492017417	0.9070904645476773
EOG092604I8	True	True	0.38250692947336	0.0105159529243298	3247	1719	1128	1042	0.9285714285714286	0.9285714285714286	False	False	0.5294117647058824	0.9237588652482269
EOG092604KQ	True	True	0.3985664917445283	0.0248799906334152	2404	1314	768	691	0.9285714285714286	0.9285714285714286	False	False	0.5465890183028286	0.8997395833333334
EOG092604MJ	True	True	0.2346241457858769	0.0370945479641131	2195	1656	1104	1088	1.0	1.0	False	False	0.7544419134396355	0.9855072463768116
EOG092604ML	True	True	0.2755636285927983	0.0037616741611898	2674	1652	1197	1019	1.0	1.0	False	False	0.6178010471204188	0.8512949039264829
EOG092604S1	True	True	0.1564237775647171	0.0565384615384615	1490	1300	766	754	1.0	1.0	False	False	0.87248322147651	0.9843342036553525
EOG092604ZZ	True	True	0.0336648814078041	0.0073231185218566	1307	1268	694	693	1.0	1.0	False	False	0.9701606732976281	0.9985590778097982
EOG0926051U	True	True	0.0628407139123291	0.0092165898617511	1913	1798	1162	1161	1.0	1.0	False	False	0.9398849973863043	0.9991394148020654
EOG092605FC	True	True	0.1487842865795621	0.0044280442804428	1651	1355	481	451	1.0	1.0	False	False	0.8207147183525136	0.9376299376299376
EOG092605KN	True	True	0.3898305084745763	0.2020230560578662	1711	1264	388	388	1.0	1.0	False	False	0.7387492694330801	1.0
EOG092605OK	True	True	0.5232497387669801	0.0244327356165547	3828	1681	718	689	1.0	1.0	False	False	0.4391327063740857	0.9596100278551533
EOG092605QM	True	True	0.173170731707317	0.0255384859043395	2255	1804	1166	1084	1.0	1.0	False	False	0.8	0.9296740994854202
EOG092605T6	True	True	0.2349949688613309	0.0032664929572146	5253	3783	1417	1370	1.0	1.0	False	False	0.7201599086236437	0.9668313338038109
EOG092605VL	True	True	0.1317853298477625	0.0197022767075306	2787	2284	1393	1273	1.0	1.0	False	False	0.819519196268389	0.9138549892318737
EOG092605VU	True	True	0.3069202530656877	0.0563346802947468	1829	1202	664	595	1.0	1.0	False	False	0.6571897211591033	0.8960843373493976
EOG092605ZA	True	True	0.3203756127874059	0.0937925907570313	2069	1153	1047	743	1.0	1.0	False	False	0.5572740454325761	0.7096466093600764
EOG092606AD	True	True	0.3705113192818111	0.0176785714285714	732	400	292	258	1.0	1.0	False	False	0.546448087431694	0.8835616438356164
EOG092606AJ	True	True	0.2649755229194481	0.0120830711139081	1605	1135	459	438	1.0	1.0	False	False	0.7071651090342679	0.954248366013072
EOG092606CY	True	True	0.2512923607122344	0.0009644842845795	1741	1259	449	445	1.0	1.0	False	False	0.723147616312464	0.9910913140311804
EOG092606O3	True	True	0.2992162022999027	0.006128614587829	2497	1655	790	755	1.0	1.0	False	False	0.6627953544253103	0.9556962025316456
EOG092606UX	True	True	0.1917665667665667	0.0032299057502912	1716	1349	720	711	1.0	1.0	False	False	0.7861305361305362	0.9875
EOG092606WZ	True	True	0.2209628225208144	0.0030266343825665	1733	1298	766	755	1.0	1.0	False	False	0.7489901904212348	0.9856396866840731
EOG0926071Q	True	True	0.3373954311454311	0.015473032714412	1776	1131	640	625	1.0	1.0	False	False	0.6368243243243243	0.9765625
EOG0926073O	True	True	0.3035444540353906	0.0055444858355713	2648	1649	661	621	1.0	1.0	False	False	0.6227341389728097	0.9394856278366112
EOG0926074Y	True	True	0.0992967355935761	0.0005295363614968	1361	1214	231	230	1.0	1.0	False	False	0.8919911829537105	0.9956709956709957
EOG09260779	True	True	0.0244727417429367	0.0015873015873015	1436	1395	738	735	1.0	1.0	False	False	0.9714484679665738	0.9959349593495935
EOG0926077L	True	True	0.1172075437727866	0.0138566912539515	1709	1460	995	943	0.9285714285714286	0.9285714285714286	False	False	0.8543007606787595	0.9477386934673366
EOG0926079Q	True	True	0.0723576347141764	0.0023448773448773	1307	1188	319	308	1.0	1.0	False	False	0.9089517980107116	0.9655172413793104
EOG092607OQ	True	True	0.0088335088335088	0.0	1221	1209	203	203	1.0	1.0	False	False	0.9901719901719902	1.0
EOG092607QZ	True	True	0.0194394213381555	0.0013876040703052	1106	1081	378	376	1.0	1.0	False	False	0.9773960216998192	0.9947089947089947
EOG092607ZS	True	True	0.3678641594162223	0.0091185410334346	2545	1504	641	597	1.0	1.0	False	False	0.5909626719056974	0.9313572542901716
EOG092608AE	True	True	0.2619284294234592	0.0275495892606692	3018	2139	1221	1127	1.0	1.0	False	False	0.7087475149105368	0.923013923013923
EOG092608AV	True	True	0.3305015631371483	0.009068425391591	2102	1213	562	477	1.0	1.0	False	False	0.577069457659372	0.8487544483985765
EOG092608C4	True	True	0.3345565025252525	0.0087325349301397	2112	1336	553	540	0.8571428571428571	0.8571428571428571	False	False	0.6325757575757576	0.976491862567812
EOG092608GK	True	True	0.1554801311875524	0.0181996086105675	1873	1460	778	670	1.0	1.0	False	False	0.7794981313400962	0.8611825192802056
EOG092608L0	True	True	0.3602638941660046	0.0133325141312361	2227	1252	294	278	0.9285714285714286	0.9285714285714286	False	False	0.5621912887292322	0.9455782312925171
EOG092608RH	True	True	0.370330265295073	0.0182072829131652	1847	1122	676	673	1.0	1.0	False	False	0.607471575527883	0.9955621301775148
EOG092608T8	True	True	0.0199613284804367	0.0011060658982419	1256	1227	169	165	1.0	1.0	False	False	0.9769108280254777	0.9763313609467456
EOG092608WI	True	True	0.1058730158730158	0.0209490156486622	1350	1132	578	478	1.0	1.0	False	False	0.8385185185185186	0.8269896193771626
EOG092608WU	True	True	0.1154332700822264	0.0009949727691663	1581	1364	459	450	1.0	1.0	False	False	0.8627450980392157	0.9803921568627451
EOG092608ZS	True	True	0.0888674388674388	0.0095735422106179	1295	1149	463	429	0.8571428571428571	0.8571428571428571	False	False	0.8872586872586873	0.9265658747300216
EOG0926092K	True	True	0.5776725594232553	0.0023526056890283	3233	1079	280	280	0.9285714285714286	0.9285714285714286	False	False	0.33374574698422516	1.0
EOG09260931	True	True	0.424812030075188	0.0015045135406218	1862	997	462	459	1.0	1.0	False	False	0.5354457572502686	0.9935064935064936
EOG092609JB	True	True	0.4558806655192197	0.0223964956902642	2490	1011	677	595	1.0	1.0	False	False	0.40602409638554215	0.8788774002954209
EOG092609O9	True	True	0.1742857142857143	0.0035033086804203	2275	1835	784	773	1.0	1.0	False	False	0.8065934065934066	0.985969387755102
EOG092609RF	True	True	0.1436279547790339	0.0246253746253746	1668	1430	645	636	1.0	1.0	False	False	0.8573141486810552	0.986046511627907
EOG092609YT	True	True	0.3991903891355445	0.0139247034553893	2188	1108	543	445	1.0	1.0	False	False	0.506398537477148	0.8195211786372008
EOG09260A27	True	True	0.453564398200225	0.0378648991679593	2032	1013	534	485	1.0	1.0	False	False	0.4985236220472441	0.9082397003745318
EOG09260A6Q	True	True	0.2702829085807809	0.0163826998689384	1833	1308	575	568	1.0	1.0	False	False	0.7135842880523732	0.9878260869565217
EOG09260A98	True	True	0.0908088235294117	0.0206766917293233	1360	1216	607	570	1.0	1.0	False	False	0.8941176470588236	0.9390444810543658
EOG09260ABY	True	True	0.4772009029345372	0.0008010680907877	2215	1070	195	192	1.0	1.0	False	False	0.48306997742663654	0.9846153846153847
EOG09260AEC	True	True	0.0451428571428571	0.0069124423963133	750	713	232	228	1.0	1.0	False	False	0.9506666666666667	0.9827586206896551
EOG09260APA	True	True	0.2160690187005976	0.0555813234384662	1482	924	850	586	1.0	1.0	False	False	0.6234817813765182	0.6894117647058824
EOG09260AQB	True	True	0.3191297753341549	0.0006526468455402	1507	985	258	253	1.0	1.0	False	False	0.6536164565361645	0.9806201550387597
EOG09260AZA	True	True	0.0168891855807743	0.0008902890015066	1070	1043	226	217	1.0	1.0	False	False	0.974766355140187	0.9601769911504425
EOG09260AZK	True	True	0.4824567199682833	0.0045885591924135	2162	934	298	240	1.0	1.0	False	False	0.4320074005550416	0.8053691275167785
EOG09260AZM	True	True	0.4359490067454669	0.0124708624708624	2486	1320	545	536	0.9285714285714286	0.9285714285714286	False	False	0.5309734513274337	0.9834862385321101
EOG09260B3H	True	True	0.1326462765957446	0.0111011437542049	1504	1274	587	561	1.0	1.0	False	False	0.8470744680851063	0.9557069846678024
EOG09260B3X	True	True	0.0436327739387956	0.0042887029288702	1013	956	424	419	0.7142857142857143	0.7142857142857143	False	False	0.9437314906219151	0.9882075471698113
EOG09260B65	True	True	0.0945962732919254	0.0048496605237633	1150	1031	527	521	1.0	1.0	False	False	0.8965217391304348	0.9886148007590133
EOG09260BFE	True	True	0.4622033139274518	0.0344492020241339	1595	734	479	444	1.0	1.0	False	False	0.46018808777429465	0.9269311064718163
EOG09260BL6	True	True	0.42652872957301	0.0091609134360063	2168	1076	617	562	1.0	1.0	False	False	0.496309963099631	0.9108589951377634
EOG09260BRA	True	True	0.2368258542610127	0.0162305162305162	1388	999	367	349	1.0	1.0	False	False	0.7197406340057637	0.9509536784741145
EOG09260BSW	True	True	0.0525536639526276	0.0063623245441427	1158	1089	368	357	1.0	1.0	False	False	0.9404145077720207	0.970108695652174
EOG09260BYL	True	True	0.154811466634947	0.0361771827375017	1201	1003	524	499	1.0	1.0	False	False	0.8351373855120733	0.9522900763358778
EOG09260BZ0	True	True	0.3351823708206687	0.0273956496178718	1880	1215	448	431	1.0	1.0	False	False	0.6462765957446809	0.9620535714285714
EOG09260C2V	True	True	0.1125866050808314	0.0092800899887514	866	762	386	378	1.0	1.0	False	False	0.8799076212471132	0.9792746113989638
EOG09260C5W	True	True	0.1982073910645339	0.016156462585034	2590	2016	1030	1004	1.0	1.0	False	False	0.7783783783783784	0.974757281553398
EOG09260CKC	True	True	0.079467680608365	0.0244498777506112	1315	1227	419	416	1.0	1.0	False	False	0.9330798479087452	0.9928400954653938
EOG09260CMZ	True	True	0.4764388901628067	0.0400696864111498	2492	738	698	389	1.0	1.0	False	False	0.29614767255216695	0.5573065902578797
EOG09260DBG	True	True	0.3444284869477063	0.0054224126389074	1691	1067	353	352	1.0	1.0	False	False	0.6309875813128326	0.9971671388101983
EOG09260DFH	True	True	0.089883507050889	0.0052531041069723	1165	1047	609	598	1.0	1.0	False	False	0.8987124463519314	0.9819376026272578
EOG09260DFJ	True	True	0.0988232648778294	0.0204020013802622	1906	1656	1109	1022	1.0	1.0	False	False	0.8688352570828961	0.9215509467989179
EOG09260DP1	True	True	0.181414237935977	0.0152635344621989	1495	1198	516	490	1.0	1.0	False	False	0.8013377926421404	0.9496124031007752
EOG09260DUR	True	True	0.1267873540600813	0.0117406453567641	1089	943	298	297	1.0	1.0	False	False	0.8659320477502296	0.9966442953020134
EOG09260DUW	True	True	0.4260853432282003	0.0062595632215885	1925	1027	624	614	1.0	1.0	False	False	0.5335064935064935	0.9839743589743589
EOG09260DXP	True	True	0.1650246305418719	0.0165604299462567	1392	1143	318	297	1.0	1.0	False	False	0.8211206896551724	0.9339622641509434
EOG09260E2O	True	True	0.0538285914998243	0.003076062639821	949	894	254	253	0.8571428571428571	0.8571428571428571	False	False	0.9420442571127503	0.9960629921259843
EOG09260E8K	True	True	0.053239041964107	0.0005745888098829	1153	1071	197	186	0.9285714285714286	0.9285714285714286	False	False	0.9288811795316565	0.9441624365482234
EOG09260EAZ	True	True	0.1156962785114045	0.0066418084362619	1428	1226	556	522	1.0	1.0	False	False	0.8585434173669467	0.9388489208633094
EOG09260EE7	True	True	0.2288815478999528	0.006835860768445	1304	979	351	348	0.9285714285714286	0.9285714285714286	False	False	0.7507668711656442	0.9914529914529915
EOG09260EOI	True	True	0.281689708141321	0.0126840107397463	2325	1543	810	763	1.0	1.0	False	False	0.6636559139784947	0.9419753086419753
EOG09260EPQ	True	True	0.3403219587430113	0.0015612802498048	1482	915	219	214	1.0	1.0	False	False	0.6174089068825911	0.9771689497716894
EOG09260EPS	True	True	0.2930616573246478	0.0578205268335337	1886	1307	915	873	1.0	1.0	False	False	0.693001060445387	0.9540983606557377
EOG09260EQD	True	True	0.1502316346790205	0.0087957497048406	1511	1210	617	571	1.0	1.0	False	False	0.800794176042356	0.9254457050243112
EOG09260ERO	True	True	0.1121848739495798	0.0002088554720133	1190	1026	266	264	1.0	1.0	False	False	0.8621848739495799	0.9924812030075187
EOG09260ETR	True	True	0.0793988805062058	0.0024032042723631	1174	1070	269	266	1.0	1.0	False	False	0.9114139693356048	0.9888475836431226
EOG09260EZT	True	True	0.3036739903364026	0.0036176108374384	1567	928	422	362	1.0	1.0	False	False	0.5922144224633057	0.8578199052132701
EOG09260FFP	True	True	0.4870957068409298	0.0323660714285714	1727	704	431	383	1.0	1.0	False	False	0.40764331210191085	0.888631090487239
EOG09260FKU	True	True	0.2189303307529908	0.0917524034407151	1015	847	437	426	1.0	1.0	False	False	0.8344827586206897	0.9748283752860412
EOG09260FL2	True	True	0.0145235264141328	0.0018978605935127	841	828	257	255	1.0	1.0	False	False	0.9845422116527943	0.9922178988326849
EOG09260FMW	True	True	0.1946504237288135	0.0353081700907787	1888	1495	719	670	1.0	1.0	False	False	0.791843220338983	0.9318497913769124
EOG09260FPA	True	True	0.0702179176755447	0.0108011289622231	1416	1316	617	612	1.0	1.0	False	False	0.9293785310734464	0.9918962722852512
EOG09260FX0	True	True	0.1418005610813568	0.0134011090573012	1307	1082	625	594	0.8571428571428571	0.8571428571428571	False	False	0.827850038255547	0.9504
EOG09260FZZ	True	True	0.5215016067776804	0.0298363095238095	2445	960	317	286	1.0	1.0	False	False	0.39263803680981596	0.9022082018927445
EOG09260GF5	True	True	0.0546121506883191	0.0082061237095208	1733	1619	638	628	1.0	1.0	False	False	0.9342181188690133	0.9843260188087775
EOG09260GIX	True	True	0.0949694946471739	0.0109637605042016	1241	1088	579	547	1.0	1.0	False	False	0.8767123287671232	0.9447322970639033
EOG09260GKG	True	True	0.0054887998813232	0.0008956560680698	963	957	145	144	1.0	1.0	False	False	0.9937694704049844	0.993103448275862
EOG09260GOF	True	True	0.468994028479559	0.0078702599570713	1244	599	220	218	1.0	1.0	False	False	0.4815112540192926	0.990909090909091
EOG09260GR8	True	True	0.2960048426150121	0.0115582903708631	1298	859	419	396	1.0	1.0	False	False	0.6617873651771957	0.9451073985680191
EOG09260H6E	True	True	0.2381793706882046	0.022140631953716	849	642	233	233	1.0	1.0	False	False	0.7561837455830389	1.0
EOG09260H81	True	True	0.2269296093602566	0.0487643158529234	1514	1185	546	547	1.0	1.0	False	False	0.7826948480845443	1.0018315018315018
EOG09260HMA	True	True	0.4416933531203624	0.012807881773399	1829	870	261	260	1.0	1.0	False	False	0.4756697648988518	0.9961685823754789
EOG09260HPO	True	True	0.0988959829741952	0.0002248538450007	1074	953	288	283	1.0	1.0	False	False	0.8873370577281192	0.9826388888888888
EOG09260HS3	True	True	0.2059026182820395	0.0176699610661874	1244	954	373	364	1.0	1.0	False	False	0.7668810289389068	0.9758713136729222
EOG09260HSP	True	True	0.0639980824544582	0.0059808612440191	894	836	237	236	1.0	1.0	False	False	0.9351230425055929	0.9957805907172996
EOG09260IU8	True	True	0.4862080315997367	0.0087124878993223	2170	1033	536	530	1.0	1.0	False	False	0.47603686635944703	0.9888059701492538
EOG09260J53	True	True	0.0696449804654323	0.0024181547619047	841	768	229	221	1.0	1.0	False	False	0.9131985731272295	0.9650655021834061
EOG09260J8F	True	True	0.0638805021452407	0.0067778936392075	899	822	370	349	1.0	1.0	False	False	0.914349276974416	0.9432432432432433
EOG09260J97	True	True	0.4177109440267335	0.0005114217524718	1539	838	384	378	1.0	1.0	False	False	0.5445094217024041	0.984375
EOG09260JDM	True	True	0.4002279635258358	0.0821569734613212	1880	759	758	402	1.0	1.0	False	False	0.40372340425531916	0.5303430079155673
EOG09260JED	True	True	0.0356004250797024	0.0040163805323673	941	907	204	203	1.0	1.0	False	False	0.9638682252922423	0.9950980392156863
EOG09260JJW	True	True	0.1516909814323607	0.0088026407922376	928	769	410	402	0.9285714285714286	0.9285714285714286	False	False	0.8286637931034483	0.9804878048780488
EOG09260JNY	True	True	0.4850294911526542	0.0424196309682328	2858	751	1117	527	1.0	1.0	False	False	0.2627711686494052	0.4717994628469114
EOG09260JO5	True	True	0.2181305536568694	0.0631888317413666	1672	1361	692	691	1.0	1.0	False	False	0.8139952153110048	0.9985549132947977
EOG09260JPV	True	True	0.0933677972512923	0.0152259332023575	1133	1018	587	577	1.0	1.0	False	False	0.8984995586937334	0.9829642248722317
EOG09260JT9	True	True	0.0411084473275983	0.0089469052508066	1013	974	213	210	1.0	1.0	False	False	0.9615004935834156	0.9859154929577465
EOG09260JTZ	True	True	0.0242630385487528	0.0002329192546583	945	920	195	195	1.0	1.0	False	False	0.9735449735449735	1.0
EOG09260K24	True	True	0.0092165898617511	0.0013586956521739	744	736	234	233	1.0	1.0	False	False	0.989247311827957	0.9957264957264957
EOG09260K29	True	True	0.4452006154574506	0.002089318359885	1207	547	216	214	1.0	1.0	False	False	0.4531897265948633	0.9907407407407407
EOG09260K4B	True	True	0.1045759684670813	0.0138574660633484	1249	1088	406	382	0.9285714285714286	0.9285714285714286	False	False	0.8710968775020016	0.9408866995073891
EOG09260K4V	True	True	0.1822019587977034	0.0047525859658932	1269	1022	323	321	1.0	1.0	False	False	0.8053585500394012	0.9938080495356038
EOG09260K5F	True	True	0.1351020408163265	0.0034199726402188	875	731	269	264	1.0	1.0	False	False	0.8354285714285714	0.9814126394052045
EOG09260KCB	True	True	0.2685361914549992	0.015631469979296	973	690	382	370	1.0	1.0	False	False	0.7091469681397738	0.9685863874345549
EOG09260KCW	True	True	0.3099363507779349	0.0053480783176214	1212	788	253	235	1.0	1.0	False	False	0.6501650165016502	0.9288537549407114
EOG09260KDB	True	True	0.0400520532099479	0.0113849149876413	1064	1027	378	377	0.9285714285714286	0.9285714285714286	False	False	0.9652255639097744	0.9973544973544973
EOG09260KGS	True	True	0.5192380952380953	0.0198209718670076	3000	782	908	493	1.0	1.0	False	False	0.26066666666666666	0.5429515418502202
EOG09260KIY	True	True	0.1393244873341375	0.0145021645021645	829	660	344	279	1.0	1.0	False	False	0.7961399276236429	0.811046511627907
EOG09260KM4	False	True	0.6224926905555178	0.0043448036148766	2101	411	240	227	1.0	1.0	True	False	0.19562113279390766	0.9458333333333333
EOG09260KNI	True	True	0.1560220601316491	0.007125890736342	511	421	175	171	0.7857142857142857	0.7857142857142857	False	False	0.8238747553816047	0.9771428571428571
EOG09260KNR	True	True	0.1252735229759299	0.0049361207897793	914	738	403	339	1.0	1.0	False	False	0.8074398249452954	0.8411910669975186
EOG09260KUC	True	True	0.1764748619587329	0.0014668133480014	1147	909	294	283	0.8571428571428571	0.8571428571428571	False	False	0.7925021795989537	0.9625850340136054
EOG09260KWP	True	True	0.0971563981042654	0.0197648236177132	1266	1142	461	446	1.0	1.0	False	False	0.9020537124802528	0.9674620390455532
EOG09260LBU	True	True	0.0011045655375552	0.0	776	772	120	119	0.5	0.5	False	False	0.9948453608247423	0.9916666666666667
EOG09260LI6	True	True	0.0579279172118472	0.0115761353517364	1201	1123	397	376	1.0	1.0	False	False	0.9350541215653622	0.947103274559194
EOG09260LJ8	True	True	0.5020831049227058	0.1379676870748299	1303	672	343	332	1.0	1.0	False	False	0.5157329240214888	0.967930029154519
EOG09260LRX	True	True	0.2502281253168407	0.0051070379180075	1409	1021	455	441	1.0	1.0	False	False	0.7246273953158269	0.9692307692307692
EOG09260LS9	True	True	0.3789310878157759	0.0018061408789885	529	302	143	141	0.7857142857142857	0.7857142857142857	False	False	0.5708884688090737	0.986013986013986
EOG09260LVD	True	True	0.4050611267846456	0.0150583412172816	1671	906	556	518	1.0	1.0	False	False	0.5421903052064632	0.9316546762589928
EOG09260M44	True	True	0.3360212590488408	0.01875	1559	960	649	623	1.0	1.0	False	False	0.6157793457344451	0.9599383667180277
EOG09260M87	True	True	0.3676524112829845	0.0045031055900621	1570	920	286	282	1.0	1.0	False	False	0.5859872611464968	0.986013986013986
EOG09260MBW	True	True	0.1767131242740998	0.0041762672811059	1230	992	457	449	1.0	1.0	False	False	0.8065040650406504	0.9824945295404814
EOG09260MRU	True	True	0.1488756613756613	0.0180144745122718	1080	908	288	275	1.0	1.0	False	False	0.8407407407407408	0.9548611111111112
EOG09260N2T	True	True	0.1480552837573385	0.1014558689717925	1168	1099	556	556	1.0	1.0	False	False	0.9409246575342466	1.0
EOG09260N53	True	True	0.1172924297924297	0.007380073800738	936	813	229	220	1.0	1.0	False	False	0.8685897435897436	0.9606986899563319
EOG09260NAN	True	True	0.3570602807597027	0.0348384585441806	1730	734	772	455	1.0	1.0	False	False	0.42427745664739885	0.5893782383419689
EOG09260NC6	True	True	0.1044198895027624	0.0080064771500539	905	794	281	268	1.0	1.0	False	False	0.8773480662983425	0.9537366548042705
EOG09260NE0	True	True	0.236664089679165	0.0191974403412878	796	577	340	319	0.9285714285714286	0.9285714285714286	False	False	0.7248743718592965	0.9382352941176471
EOG09260NHB	True	True	0.5211330569779729	0.0750625521267723	4101	1199	1212	735	0.8571428571428571	0.8571428571428571	False	False	0.29236771519141674	0.6064356435643564
EOG09260NHN	True	True	0.3356148669317834	0.0180918993364216	1868	1141	385	365	1.0	1.0	False	False	0.610813704496788	0.948051948051948
EOG09260NJW	True	True	0.0860660388063088	0.0079013906447534	1259	1130	355	335	1.0	1.0	False	False	0.897537728355838	0.9436619718309859
EOG09260NNR	True	True	0.1191936897458369	0.0533661740558292	1141	1044	399	396	1.0	1.0	False	False	0.9149868536371604	0.9924812030075187
EOG09260NWN	True	True	0.197445600756859	0.1345454545454545	1510	1375	518	517	1.0	1.0	False	False	0.9105960264900662	0.9980694980694981
EOG09260NXC	True	True	0.4598434793764834	0.0109007458405048	2227	996	413	355	1.0	1.0	False	False	0.4472384373596767	0.8595641646489104
EOG09260NXJ	True	True	0.4923128958858618	0.0276795325234507	2323	929	636	416	1.0	1.0	False	False	0.39991390443392166	0.6540880503144654
EOG09260NY2	True	True	0.15	0.0006738544474393	910	742	203	196	1.0	1.0	False	False	0.8153846153846154	0.9655172413793104
EOG09260NZ8	True	True	0.3066221932964529	0.0699404761904761	878	624	287	283	1.0	1.0	False	False	0.7107061503416856	0.9860627177700348
EOG09260OCI	True	True	0.2517614622689676	0.0071791153009427	1399	985	459	446	1.0	1.0	False	False	0.7040743388134382	0.971677559912854
EOG09260OE9	True	True	0.4078526900309078	0.0326031060372313	2727	1389	862	811	1.0	1.0	False	False	0.5093509350935094	0.9408352668213457
EOG09260OLB	True	True	0.3882708821233411	0.0282197286886618	1464	853	454	435	1.0	1.0	False	False	0.5826502732240437	0.9581497797356828
EOG09260OM6	True	True	0.0773926927773081	0.0052099295127183	819	753	142	142	0.9285714285714286	0.9285714285714286	False	False	0.9194139194139194	1.0
EOG09260OQ8	True	True	0.2735408773952671	0.0034491056388866	1401	959	413	413	0.9285714285714286	0.9285714285714286	False	False	0.6845110635260528	1.0
EOG09260OZU	True	True	0.4681256635459898	0.0826522038041402	3188	1007	1281	673	0.9285714285714286	0.9285714285714286	False	False	0.3158720200752823	0.5253708040593287
EOG09260P2K	True	True	0.0906951286261631	0.0072039072039072	1305	1170	571	558	1.0	1.0	False	False	0.896551724137931	0.9772329246935202
EOG09260P5R	True	True	0.2657722987672226	0.1264687693259122	1773	1386	759	707	1.0	1.0	False	False	0.7817258883248731	0.9314888010540184
EOG09260PI1	True	True	0.235349597585513	0.0138815673871024	1136	813	342	313	1.0	1.0	False	False	0.715669014084507	0.9152046783625731
EOG09260PJ9	True	True	0.424821579775009	0.0860371267150928	2362	885	904	474	1.0	1.0	False	False	0.3746824724809483	0.5243362831858407
EOG09260QNB	True	True	0.052607994264205	0.002184650455927	797	752	287	286	1.0	1.0	False	False	0.9435382685069009	0.9965156794425087
EOG09260QVP	True	True	0.547625659539017	0.0042386185243328	2493	980	572	566	0.9285714285714286	0.9285714285714286	False	False	0.39310068190934616	0.9895104895104895
EOG09260R84	True	True	0.2623869801084991	0.020159732062347	1580	1109	669	644	1.0	1.0	False	False	0.7018987341772152	0.9626307922272048
EOG09260R9L	True	True	0.2525252525252525	0.0018854242204496	1386	985	247	240	1.0	1.0	False	False	0.7106782106782107	0.97165991902834
EOG09260RGH	True	True	0.1632366697848456	0.0748799519807923	1069	952	393	387	1.0	1.0	False	False	0.8905519176800748	0.9847328244274809
EOG09260RNZ	False	False	0.3461331901181525	0.0523989898989898	1862	792	259	197	0.4285714285714285	0.4285714285714285	False	False	0.4253490870032223	0.7606177606177607
EOG09260RRC	True	True	0.1231808731808731	0.0019841269841269	962	828	233	231	1.0	1.0	False	False	0.8607068607068608	0.9914163090128756
EOG09260RRN	True	True	0.2351169908184421	0.0170223909912269	1447	1091	332	327	1.0	1.0	False	False	0.7539737387698687	0.9849397590361446
EOG09260RS7	True	True	0.4052400801169274	0.0029368575624082	1421	681	322	318	0.9285714285714286	0.9285714285714286	False	False	0.4792399718508093	0.9875776397515528
EOG09260RVQ	True	True	0.2790200755317034	0.0189951424635684	1548	1061	548	525	0.9285714285714286	0.9285714285714286	False	False	0.6854005167958657	0.958029197080292
EOG09260S2Z	True	True	0.3269502774453269	0.0024748250554702	1313	837	316	313	1.0	1.0	False	False	0.6374714394516374	0.990506329113924
EOG09260S3L	True	True	0.0919765166340508	0.0480707908163265	949	896	432	435	1.0	1.0	False	False	0.9441517386722866	1.0069444444444444
EOG09260S5R	True	True	0.3780788177339901	0.0103056147832267	1044	603	214	198	1.0	1.0	False	False	0.5775862068965517	0.9252336448598131
EOG09260SAH	True	True	0.2507950642411907	0.0094752186588921	1123	784	423	394	1.0	1.0	False	False	0.6981300089047195	0.9314420803782506
EOG09260SIZ	True	True	0.2001829547187071	0.0107816711590296	937	742	292	291	1.0	1.0	False	False	0.791889007470651	0.9965753424657534
EOG09260SJV	True	True	0.1055690072639225	0.0048543689320388	1180	1030	486	467	1.0	1.0	False	False	0.8728813559322034	0.9609053497942387
EOG09260SL3	True	True	0.3200315840621963	0.0017579570688378	1176	772	175	175	1.0	1.0	False	False	0.6564625850340136	1.0
EOG09260SR2	True	True	0.062828256302521	0.0056242969628796	1088	1016	473	472	1.0	1.0	False	False	0.9338235294117647	0.9978858350951374
EOG09260SRF	True	True	0.0198581560283687	0.0055578427336352	705	694	78	78	1.0	1.0	False	False	0.9843971631205674	1.0
EOG09260T28	True	True	0.0184537066496977	0.0021127905086949	898	879	197	196	1.0	1.0	False	False	0.9788418708240535	0.9949238578680203
EOG09260T4S	True	True	0.1866396761133603	0.0032017075773745	1235	937	480	454	1.0	1.0	False	False	0.7587044534412956	0.9458333333333333
EOG09260TDY	True	True	0.2188305747317641	0.014455110107284	1093	805	412	390	0.7857142857142857	0.7857142857142857	False	False	0.7365050320219579	0.9466019417475728
EOG09260THV	True	True	0.0228196311347296	0.0006420545746388	457	445	164	163	1.0	1.0	False	False	0.973741794310722	0.9939024390243902
EOG09260TLW	True	True	0.5974885844748858	0.0034103827207275	2190	754	243	241	1.0	1.0	False	False	0.34429223744292237	0.9917695473251029
EOG09260TPT	True	True	0.2982560017224674	0.0176555949693647	1327	886	501	479	1.0	1.0	False	False	0.66767143933685	0.9560878243512974
EOG09260TUT	True	True	0.4019666988416988	0.0029670329670329	1184	650	206	205	1.0	1.0	False	False	0.5489864864864865	0.9951456310679612
EOG09260TVA	True	True	0.0098002261590652	0.0031344984802431	758	752	130	129	1.0	1.0	False	False	0.9920844327176781	0.9923076923076923
EOG09260TWS	False	True	0.609033931272963	0.0251322751322751	2644	702	474	345	1.0	1.0	True	False	0.26550680786686837	0.7278481012658228
EOG09260U6R	True	True	0.2823942325934357	0.0137940453428025	1506	1046	402	385	1.0	1.0	False	False	0.6945551128818062	0.9577114427860697
EOG09260UA2	True	True	0.1152227959456875	0.0045616377392078	747	642	217	210	1.0	1.0	False	False	0.8594377510040161	0.967741935483871
EOG09260UJK	True	True	0.2407692307692307	0.0566100566100566	900	693	321	320	0.9285714285714286	0.9285714285714286	False	False	0.77	0.9968847352024922
EOG09260UXC	True	True	0.5019359259893781	0.0134532849125123	2245	932	548	507	0.9285714285714286	0.9285714285714286	False	False	0.4151447661469933	0.9251824817518248
EOG09260V5Q	True	True	0.2031332979288369	0.0130559299191374	1076	848	308	306	1.0	1.0	False	False	0.7881040892193308	0.9935064935064936
EOG09260V8Q	True	True	0.1519966254218222	0.0463673469387755	1016	875	418	410	1.0	1.0	False	False	0.8612204724409449	0.9808612440191388
EOG09260VCG	True	True	0.0842391304347826	0.004524886877828	736	663	364	357	1.0	1.0	False	False	0.9008152173913043	0.9807692307692307
EOG09260VEY	True	True	0.4802053277863517	0.0175778340533293	2129	959	576	563	1.0	1.0	False	False	0.4504462188821043	0.9774305555555556
EOG09260VHV	True	True	0.1873396065012831	0.0068418171866447	1002	783	342	324	1.0	1.0	False	False	0.781437125748503	0.9473684210526315
EOG09260VTA	True	True	0.1290144575653901	0.0037179487179487	697	600	188	188	0.9285714285714286	0.9285714285714286	False	False	0.860832137733142	1.0
EOG09260VTN	True	True	0.4192425508214982	0.0189150606709493	2565	1401	749	725	1.0	1.0	False	False	0.5461988304093567	0.9679572763684913
EOG09260VYK	True	True	0.1163532763532763	0.0053142022053939	675	579	241	231	0.9285714285714286	0.9285714285714286	False	False	0.8577777777777778	0.9585062240663901
EOG09260W52	True	True	0.4002222062934557	0.0314824313926647	1993	1114	655	634	1.0	1.0	False	False	0.5589563472152533	0.9679389312977099
EOG09260W8D	True	True	0.443301202209466	0.0155875299760191	1319	417	495	236	1.0	1.0	False	False	0.3161485974222896	0.4767676767676768
EOG09260W9L	True	True	0.1902726902726902	0.0552389037108901	1404	1178	555	552	1.0	1.0	False	False	0.8390313390313391	0.9945945945945946
EOG09260WCZ	True	True	0.1150473113316409	0.0185883270505654	1238	1099	544	538	1.0	1.0	False	False	0.8877221324717286	0.9889705882352942
EOG09260WG2	True	True	0.4159853008727607	0.0525606469002695	1555	795	229	225	1.0	1.0	False	False	0.5112540192926045	0.982532751091703
EOG09260WGT	True	True	0.5954116159738232	0.091743119266055	1921	763	339	339	1.0	1.0	False	False	0.3971889640812077	1.0
EOG09260WU6	True	True	0.2055256064690027	0.0144255988809232	1060	817	320	303	1.0	1.0	False	False	0.7707547169811321	0.946875
EOG09260WUA	True	True	0.4128314798973481	0.026700136923779	1670	939	542	537	1.0	1.0	False	False	0.5622754491017964	0.9907749077490775
EOG09260WUS	True	True	0.0252289892334886	0.0028141036252276	889	863	300	296	1.0	1.0	False	False	0.9707536557930259	0.9866666666666667
EOG09260WYQ	True	True	0.1362433862433862	0.0112232030264817	756	610	267	232	0.9285714285714286	0.9285714285714286	False	False	0.8068783068783069	0.8689138576779026
EOG09260XH5	True	True	0.1327003753587988	0.03266395526182	647	562	319	313	1.0	1.0	False	False	0.8686244204018547	0.9811912225705329
EOG09260XL0	True	True	0.3834221748400853	0.0062541145490454	1340	651	364	227	1.0	1.0	False	False	0.48582089552238805	0.6236263736263736
EOG09260XMI	True	True	0.1064122399862472	0.0034106412005457	831	733	290	286	1.0	1.0	False	False	0.8820697954271961	0.9862068965517241
EOG09260XOG	True	True	0.0333017975402081	0.0067793279622715	755	727	151	146	1.0	1.0	False	False	0.9629139072847682	0.9668874172185431
EOG09260XQV	True	True	0.0747795414462081	0.0126918536009445	810	726	421	395	1.0	1.0	False	False	0.8962962962962963	0.9382422802850356
EOG09260XSR	True	True	0.5182808179428532	0.0602957906712172	2663	879	539	360	0.7857142857142857	0.7857142857142857	False	False	0.33007885843034174	0.6679035250463822
EOG09260Y2Q	True	True	0.090308951676789	0.0048104956268221	541	490	119	118	1.0	1.0	False	False	0.9057301293900185	0.9915966386554622
EOG09260YMF	True	True	0.1814242380470894	0.0042451088962716	989	774	305	281	1.0	1.0	False	False	0.782608695652174	0.921311475409836
EOG09260Z3X	True	True	0.0244548604035051	0.0027431947668284	701	677	187	180	1.0	1.0	False	False	0.9657631954350927	0.9625668449197861
EOG09260Z5E	True	True	0.048761718203442	0.0050914994096812	1021	968	331	328	1.0	1.0	False	False	0.9480901077375122	0.9909365558912386
EOG09260ZG2	True	True	0.2811653116531165	0.0134575569358178	984	644	323	289	0.8571428571428571	0.8571428571428571	False	False	0.6544715447154471	0.8947368421052632
EOG09260ZWU	True	True	0.0544503515691991	0.0137085137085137	833	792	111	109	1.0	1.0	False	False	0.9507803121248499	0.9819819819819819
EOG09261031	True	True	0.1677154231411326	0.038687340057203	599	511	260	260	0.9285714285714286	0.9285714285714286	False	False	0.8530884808013356	1.0
EOG092610KH	False	True	0.6639818368560463	0.0068812976161218	2846	626	195	194	0.9285714285714286	0.9285714285714286	True	False	0.21995783555867884	0.9948717948717949
EOG092610LP	True	True	0.2701180257510729	0.0704674220963172	932	706	322	321	0.8571428571428571	0.8571428571428571	False	False	0.7575107296137339	0.9968944099378882
EOG092610LQ	True	True	0.371998371998372	0.0120048019207683	1404	833	450	432	1.0	1.0	False	False	0.5933048433048433	0.96
EOG092610QT	True	True	0.1164431898376852	0.0188008712598876	763	671	444	440	0.9285714285714286	0.9285714285714286	False	False	0.8794233289646134	0.990990990990991
EOG092610TN	True	True	0.0202949104169969	0.0019502681618722	901	879	208	205	1.0	1.0	False	False	0.9755826859045506	0.9855769230769231
EOG092610VI	True	True	0.3041224489795918	0.0200628474740149	1750	1182	576	565	1.0	1.0	False	False	0.6754285714285714	0.9809027777777778
EOG092610ZY	True	True	0.2978178284300733	0.0111182934712346	1617	1105	323	320	1.0	1.0	False	False	0.6833642547928263	0.9907120743034056
EOG09261127	True	True	0.1039717196922437	0.0014191106906338	687	604	84	84	1.0	1.0	False	False	0.8791848617176128	1.0
EOG0926112A	True	True	0.0631469979296066	0.0092653436719674	1173	1087	322	312	1.0	1.0	False	False	0.9266837169650469	0.968944099378882
EOG09261145	True	True	0.0101422550052687	0.000801282051282	584	576	111	109	0.9285714285714286	0.9285714285714286	False	False	0.9863013698630136	0.9819819819819819
EOG0926115P	True	True	0.2695937090432503	0.0841211484593837	1090	816	409	384	1.0	1.0	False	False	0.7486238532110092	0.9388753056234719
EOG0926115V	True	True	0.0543336236933797	0.0106506135679555	656	617	266	263	1.0	1.0	False	False	0.9405487804878049	0.9887218045112782
EOG092611G7	True	True	0.5458937198067633	0.0371875	2070	800	421	418	0.8571428571428571	0.8571428571428571	False	False	0.3864734299516908	0.9928741092636579
EOG092611HB	True	True	0.1755681818181818	0.0046938775510204	880	700	227	215	1.0	1.0	False	False	0.7954545454545454	0.947136563876652
EOG09261225	True	True	0.1282003710575139	0.0332153269471053	770	686	127	127	1.0	1.0	False	False	0.8909090909090909	1.0
EOG0926129I	True	True	0.074945295404814	0.0098055790363482	914	845	348	347	1.0	1.0	False	False	0.9245076586433261	0.9971264367816092
EOG092612AK	True	True	0.2622215183190793	0.0038655462184873	1353	850	388	297	1.0	1.0	False	False	0.6282335550628233	0.7654639175257731
EOG092612CC	True	True	0.3830392714854866	0.0114795918367346	753	392	206	171	1.0	1.0	False	False	0.5205843293492696	0.8300970873786407
EOG092612J3	True	True	0.3492138791000271	0.0143784786641929	1054	616	383	359	1.0	1.0	False	False	0.5844402277039848	0.9373368146214099
EOG092612LP	True	True	0.5967984810789577	0.0033395176252319	2182	770	285	280	1.0	1.0	False	False	0.3528872593950504	0.9824561403508771
EOG092612MY	True	True	0.105659869439397	0.0139035816835423	1143	1018	466	463	0.9285714285714286	0.9285714285714286	False	False	0.8906386701662292	0.9935622317596566
EOG092612XD	True	True	0.2798596005536879	0.0174339998576816	1556	1081	570	557	0.9285714285714286	0.9285714285714286	False	False	0.6947300771208226	0.9771929824561404
EOG0926131E	True	True	0.1961189099917423	0.0055081734186211	519	402	128	119	1.0	1.0	False	False	0.7745664739884393	0.9296875
EOG0926133I	False	True	0.6323315238977889	0.0040322580645161	2158	620	250	239	1.0	1.0	True	False	0.2873030583873957	0.956
EOG0926137U	True	True	0.0827776989643921	0.0159161490683229	1007	920	295	289	1.0	1.0	False	False	0.913604766633565	0.9796610169491525
EOG092613QA	True	True	0.3740227434257285	0.0756190476190476	1206	750	480	475	1.0	1.0	False	False	0.6218905472636815	0.9895833333333334
EOG092613R2	True	True	0.0483391608391608	0.0105562695061501	880	838	358	355	0.9285714285714286	0.9285714285714286	False	False	0.9522727272727273	0.9916201117318436
EOG092613S3	True	True	0.1464103498542274	0.0025235900811937	784	651	261	255	1.0	1.0	False	False	0.8303571428571429	0.9770114942528736
EOG092613UB	True	True	0.3646903205726735	0.0397245317880238	2754	1701	1054	1036	1.0	1.0	False	False	0.6176470588235294	0.9829222011385199
EOG09261404	True	True	0.3899221738556918	0.0082072326237496	2166	1114	572	509	1.0	1.0	False	False	0.5143120960295475	0.8898601398601399
EOG0926140Q	True	True	0.575122437121275	0.0009920634920634	1721	648	88	86	1.0	1.0	False	False	0.3765252760023242	0.9772727272727273
EOG0926142H	True	True	0.211729160210722	0.0039280545792846	922	691	229	218	1.0	1.0	False	False	0.7494577006507592	0.9519650655021834
EOG0926142Y	True	True	0.3041022075438901	0.0039411455596426	1046	692	185	185	0.7857142857142857	0.7857142857142857	False	False	0.6615678776290631	1.0
EOG0926146A	True	True	0.1810921433562943	0.0110848747212383	1431	1089	531	484	1.0	1.0	False	False	0.7610062893081762	0.911487758945386
EOG09261476	True	True	0.1983907592062395	0.0230560578661844	1447	1106	579	540	1.0	1.0	False	False	0.7643400138217	0.9326424870466321
EOG092614DJ	True	True	0.2679206914082359	0.0136396267049533	843	597	319	312	1.0	1.0	False	False	0.708185053380783	0.9780564263322884
EOG092614E6	True	True	0.0544167371090448	0.0010091948867459	676	637	86	86	1.0	1.0	False	False	0.9423076923076923	1.0
EOG092614O9	True	True	0.3291825821237586	0.0198867212083071	1870	1135	593	584	1.0	1.0	False	False	0.606951871657754	0.984822934232715
EOG092614UB	True	True	0.4578540054381928	0.0101738024586689	1366	674	326	300	1.0	1.0	False	False	0.493411420204978	0.9202453987730062
EOG092614ZG	True	True	0.4938927243759957	0.0403286978508217	1345	565	323	248	1.0	1.0	False	False	0.4200743494423792	0.7678018575851393
EOG0926158Y	True	True	0.4703791469194313	0.0062111801242236	1688	805	499	487	1.0	1.0	False	False	0.4768957345971564	0.9759519038076152
EOG092615CC	True	True	0.1099686776521857	0.0052910052910052	1049	918	418	408	1.0	1.0	False	False	0.8751191611058151	0.9760765550239234
EOG092615IE	True	True	0.066906607604282	0.0087896544756516	774	707	278	264	1.0	1.0	False	False	0.91343669250646	0.9496402877697842
EOG092615SM	True	True	0.1031313288674248	0.0048154093097913	917	801	350	336	1.0	1.0	False	False	0.8735005452562704	0.96
EOG092615Y4	True	True	0.2785388127853881	0.0356546625327927	876	599	196	185	1.0	1.0	False	False	0.6837899543378996	0.9438775510204082
EOG09261660	True	True	0.1674489893667975	0.0080597368732961	803	649	358	348	0.9285714285714286	0.9285714285714286	False	False	0.8082191780821918	0.9720670391061452
EOG09261666	False	True	0.6044441329034067	0.0076873798846893	2038	669	268	265	1.0	1.0	True	False	0.3282630029440628	0.9888059701492538
EOG092616QN	True	True	0.0640608034744842	0.0012487512487512	921	858	220	220	1.0	1.0	False	False	0.9315960912052117	1.0
EOG092616YZ	True	True	0.0673323092677931	0.0296799570892186	837	799	204	204	1.0	1.0	False	False	0.954599761051374	1.0
EOG09261727	True	True	0.2629080118694362	0.0302314309947897	1685	1179	597	542	1.0	1.0	False	False	0.6997032640949555	0.9078726968174204
EOG092617AN	True	True	0.2547353513896265	0.0061417516275641	1614	1163	409	397	1.0	1.0	False	False	0.7205700123915737	0.9706601466992665
EOG092617RN	True	True	0.0818525736558523	0.0	671	584	73	70	0.9285714285714286	0.9285714285714286	False	False	0.8703427719821163	0.958904109589041
EOG092617RY	True	True	0.0679690679690679	0.0016611295681063	702	645	260	256	1.0	1.0	False	False	0.9188034188034188	0.9846153846153847
EOG092617S2	True	True	0.1547435615232225	0.0133136094674556	826	676	255	248	0.7857142857142857	0.7857142857142857	False	False	0.8184019370460048	0.9725490196078431
EOG09261801	True	True	0.103072853072853	0.0059985885673959	756	654	272	254	0.9285714285714286	0.9285714285714286	False	False	0.8650793650793651	0.9338235294117647
EOG092618J9	True	True	0.4984312905249948	0.0189411227749885	1366	626	244	241	1.0	1.0	False	False	0.4582723279648609	0.9877049180327869
EOG092618M2	True	True	0.2714371980676328	0.0118012422360248	1656	1150	536	518	1.0	1.0	False	False	0.6944444444444444	0.9664179104477612
EOG092618UZ	True	True	0.1404581334158799	0.0278700627537836	923	774	491	466	1.0	1.0	False	False	0.838569880823402	0.9490835030549898
EOG0926195C	True	True	0.1223392582839587	0.0005111167901865	651	559	251	250	1.0	1.0	False	False	0.858678955453149	0.9960159362549801
EOG092619EA	True	True	0.0448479544957339	0.0171201814058956	653	630	183	182	1.0	1.0	False	False	0.9647779479326187	0.994535519125683
EOG092619GP	True	True	0.3050412217867279	0.003379165695642	1057	613	262	228	1.0	1.0	False	False	0.5799432355723746	0.8702290076335878
EOG092619L1	False	True	0.6636178498695916	0.0048556095067722	2153	602	240	238	0.9285714285714286	0.9285714285714286	True	False	0.2796098467254993	0.9916666666666667
EOG092619MJ	True	True	0.02986834348595	0.0014306151645207	727	699	216	209	1.0	1.0	False	False	0.9614855570839065	0.9675925925925926
EOG092619NK	True	True	0.2990346307079374	0.0008271298593879	1004	651	115	115	0.9285714285714286	0.9285714285714286	False	False	0.648406374501992	1.0
EOG092619RJ	True	True	0.2872468017057569	0.0151603498542274	1072	735	271	260	1.0	1.0	False	False	0.6856343283582089	0.959409594095941
EOG092619VG	True	True	0.300438863830306	0.0345179549039621	1262	829	511	472	0.9285714285714286	0.9285714285714286	False	False	0.6568938193343898	0.923679060665362
EOG09261A3K	True	True	0.0845330380214101	0.0068446733532122	1161	1054	175	166	1.0	1.0	False	False	0.9078380706287683	0.9485714285714286
EOG09261ABB	True	True	0.346863684149048	0.0038737717309145	1223	756	266	259	1.0	1.0	False	False	0.6181520850367948	0.9736842105263158
EOG09261ACJ	True	True	0.273479642355723	0.009973474801061	1041	725	303	300	0.9285714285714286	0.9285714285714286	False	False	0.696445725264169	0.9900990099009901
EOG09261AH9	True	True	0.0051927071313177	0.0	619	614	82	82	1.0	1.0	False	False	0.9919224555735057	1.0
EOG09261AMX	True	True	0.0546699366441855	0.0108719286801478	699	657	171	165	1.0	1.0	False	False	0.9399141630901288	0.9649122807017544
EOG09261B14	True	True	0.1896	0.0142113095238095	1250	960	498	454	1.0	1.0	False	False	0.768	0.9116465863453815
EOG09261B18	True	True	0.2711113541894552	0.0007064364207221	1306	910	371	361	1.0	1.0	False	False	0.6967840735068913	0.9730458221024259
EOG09261B3Q	True	True	0.1225868725868725	0.0176730486008836	888	776	339	331	1.0	1.0	False	False	0.8738738738738738	0.976401179941003
EOG09261B6Y	False	True	0.6249135247319266	0.0127931769722814	1652	536	292	286	1.0	1.0	True	False	0.324455205811138	0.9794520547945206
EOG09261BP0	True	True	0.1717607973421926	0.0457063711911357	860	722	430	419	1.0	1.0	False	False	0.8395348837209302	0.9744186046511628
EOG09261BPJ	True	True	0.4805024371953506	0.1818181818181818	1905	1111	501	480	1.0	1.0	False	False	0.5832020997375328	0.9580838323353293
EOG09261C0G	True	True	0.1094423684966944	0.0184786211468346	994	862	280	258	1.0	1.0	False	False	0.8672032193158954	0.9214285714285714
EOG09261CM0	True	True	0.2697216669229586	0.0131635735865343	929	662	321	315	1.0	1.0	False	False	0.71259418729817	0.9813084112149533
EOG09261CQG	True	True	0.0304568527918781	0.0283773951006548	591	589	179	179	1.0	1.0	False	False	0.9966159052453468	1.0
EOG09261CWO	True	True	0.2886031494278916	0.0085782232036691	1261	841	350	338	1.0	1.0	False	False	0.6669310071371927	0.9657142857142857
EOG09261CXQ	True	True	0.2808974521485612	0.0044814340588988	1127	781	231	224	1.0	1.0	False	False	0.6929902395740906	0.9696969696969697
EOG09261D4D	True	True	0.0928184281842818	0.0112994350282485	656	590	269	269	0.6428571428571429	0.6428571428571429	False	False	0.899390243902439	1.0
EOG09261DG0	True	True	0.2523343871774134	0.028143392188336	1943	1335	972	858	1.0	1.0	False	False	0.6870818322182193	0.8827160493827161
EOG09261DGU	True	True	0.2367460317460317	0.0018482278756251	900	657	163	150	1.0	1.0	False	False	0.73	0.9202453987730062
EOG09261DHR	True	True	0.2961476725521669	0.0146329365079365	890	576	226	218	1.0	1.0	False	False	0.647191011235955	0.9646017699115044
EOG09261DJC	True	True	0.3234728234728234	0.074074074074074	924	462	323	227	0.6428571428571429	0.6428571428571429	False	False	0.5	0.7027863777089783
EOG09261DRB	True	True	0.587751971954426	0.0310672514619883	2282	456	517	253	0.8571428571428571	0.8571428571428571	False	False	0.19982471516213848	0.48936170212765956
EOG09261DW8	True	True	0.3871739848134698	0.0021407164264307	932	539	182	178	0.9285714285714286	0.9285714285714286	False	False	0.5783261802575107	0.978021978021978
EOG09261EAB	True	True	0.1030500112132765	0.0142604745078243	637	566	243	234	1.0	1.0	False	False	0.8885400313971743	0.9629629629629629
EOG09261EM7	True	True	0.3295049748188183	0.0093561368209255	1163	710	481	457	1.0	1.0	False	False	0.6104901117798797	0.9501039501039501
EOG09261EMF	True	True	0.2227392585698774	0.0070678946241165	921	667	359	326	1.0	1.0	False	False	0.7242128121606949	0.9080779944289693
EOG09261EU7	True	True	0.12227602905569	0.0086131894901687	944	821	326	320	1.0	1.0	False	False	0.8697033898305084	0.9815950920245399
EOG09261EY9	True	True	0.3447880244755245	0.0516965713270563	1408	866	540	522	0.9285714285714286	0.9285714285714286	False	False	0.6150568181818182	0.9666666666666667
EOG09261F73	True	True	0.1730630846725833	0.0149297856614929	758	615	162	159	0.7857142857142857	0.7857142857142857	False	False	0.8113456464379947	0.9814814814814815
EOG09261F9G	True	True	0.3813850191802947	0.0112820512820512	381	225	108	108	0.9285714285714286	0.9285714285714286	False	False	0.5905511811023622	1.0
EOG09261FAB	True	True	0.1623273715191306	0.0066609977324263	631	504	262	248	1.0	1.0	False	False	0.7987321711568938	0.9465648854961832
EOG09261FAX	True	True	0.2784514925373134	0.0155462184873949	1072	680	410	344	1.0	1.0	False	False	0.6343283582089553	0.8390243902439024
EOG09261FH7	True	True	0.3620927318295739	0.0035603026257231	1140	642	223	218	1.0	1.0	False	False	0.5631578947368421	0.9775784753363229
EOG09261FM4	True	True	0.0722208825657101	0.014274385408406	638	582	321	305	0.9285714285714286	0.9285714285714286	False	False	0.9122257053291536	0.9501557632398754
EOG09261G1Y	True	True	0.4002229654403567	0.0031687062937062	1242	704	89	87	0.9285714285714286	0.9285714285714286	False	False	0.5668276972624798	0.9775280898876404
EOG09261G4Z	True	True	0.1329359447440628	0.010629786261287	813	673	348	321	0.9285714285714286	0.9285714285714286	False	False	0.8277982779827798	0.9224137931034483
EOG09261G92	True	True	0.1603448275862068	0.0067155067155067	580	468	198	192	1.0	1.0	False	False	0.8068965517241379	0.9696969696969697
EOG09261H5E	True	True	0.1521531860797711	0.0080482897384305	899	710	450	401	1.0	1.0	False	False	0.7897664071190211	0.8911111111111111
EOG09261HB6	True	True	0.3327444051825677	0.0025510204081632	849	504	217	199	1.0	1.0	False	False	0.5936395759717314	0.9170506912442397
EOG09261HM3	True	True	0.0209027955886124	0.0007907221929362	557	542	50	50	1.0	1.0	False	False	0.9730700179533214	1.0
EOG09261HQU	True	True	0.4173575355615673	0.0451127819548872	1637	874	409	383	1.0	1.0	False	False	0.5339034819792303	0.9364303178484108
EOG09261HZD	True	True	0.0963033855724369	0.0023022751895991	643	568	265	259	0.9285714285714286	0.9285714285714286	False	False	0.8833592534992224	0.9773584905660377
EOG09261I0F	True	True	0.1303332625769475	0.0075585789871504	673	567	312	298	1.0	1.0	False	False	0.8424962852897474	0.9551282051282052
EOG09261I1G	True	True	0.4471498513726176	0.0081071855265403	1634	837	495	486	1.0	1.0	False	False	0.5122399020807834	0.9818181818181818
EOG09261I1I	True	True	0.1495745633676668	0.0041018387553041	1276	1010	517	455	1.0	1.0	False	False	0.7915360501567398	0.8800773694390716
EOG09261I8J	False	False	0.5999812549791461	0.00150489089541	7113	443	0	0	0.2142857142857142	0.2142857142857142	False	False	0.06228033178686911	
EOG09261IBJ	True	True	0.0405540720961281	0.0048959608323133	856	817	360	355	1.0	1.0	False	False	0.9544392523364486	0.9861111111111112
EOG09261ICI	True	True	0.4116235876799257	0.0021241086329843	994	507	249	231	0.9285714285714286	0.9285714285714286	False	False	0.5100603621730382	0.927710843373494
EOG09261IEH	True	True	0.0849076629165782	0.0097619047619047	673	600	227	208	1.0	1.0	False	False	0.8915304606240714	0.9162995594713657
EOG09261IEV	True	True	0.1559400717450939	0.0133128520225294	677	558	298	286	1.0	1.0	False	False	0.8242245199409158	0.959731543624161
EOG09261IFQ	True	True	0.5417359855334539	0.0135266640716232	1975	734	459	431	1.0	1.0	False	False	0.3716455696202532	0.9389978213507625
EOG09261IOS	True	True	0.1794129527400026	0.0143553158169479	1061	821	395	348	1.0	1.0	False	False	0.7737983034872762	0.8810126582278481
EOG09261J0P	True	True	0.5127606598194834	0.0127465127465127	1377	594	71	70	1.0	1.0	False	False	0.43137254901960786	0.9859154929577465
EOG09261JCQ	True	True	0.1612739112739112	0.0690169958658704	702	622	260	260	1.0	1.0	False	False	0.886039886039886	1.0
EOG09261JR0	True	True	0.400639244024458	0.0079816017316017	1028	528	249	221	1.0	1.0	False	False	0.5136186770428015	0.8875502008032129
EOG09261JUE	True	True	0.3035924122880644	0.0021761392729134	851	558	82	79	1.0	1.0	False	False	0.6556991774383079	0.9634146341463414
EOG09261JVS	True	True	0.2796369376479873	0.0185483870967741	905	620	257	249	1.0	1.0	False	False	0.6850828729281768	0.9688715953307393
EOG09261JWS	True	True	0.0414989939637827	0.0066383430695698	852	807	178	170	1.0	1.0	False	False	0.9471830985915493	0.9550561797752809
EOG09261K9J	True	True	0.1073074391046741	0.0097232610321615	868	764	264	257	1.0	1.0	False	False	0.880184331797235	0.9734848484848485
EOG09261KHB	True	True	0.0219047619047619	0.0032149846239865	525	511	44	41	1.0	1.0	False	False	0.9733333333333334	0.9318181818181818
EOG09261KRX	True	True	0.4736717827626918	0.0299791449426485	1210	548	255	238	1.0	1.0	False	False	0.45289256198347105	0.9333333333333333
EOG09261KZ6	True	True	0.0494505494505494	0.0074404761904761	715	672	230	221	1.0	1.0	False	False	0.9398601398601398	0.9608695652173913
EOG09261L4M	True	True	0.5033025099075297	0.0195377916713185	1514	689	284	280	0.9285714285714286	0.9285714285714286	False	False	0.45508586525759576	0.9859154929577465
EOG09261LEU	True	True	0.1806495263870094	0.0083333333333333	739	600	248	248	1.0	1.0	False	False	0.8119079837618404	1.0
EOG09261LPY	True	True	0.2545008183306055	0.0172235172235172	846	594	222	210	0.9285714285714286	0.9285714285714286	False	False	0.7021276595744681	0.9459459459459459
EOG09261LV7	True	True	0.3946773788601556	0.0041630148992112	1138	652	258	258	1.0	1.0	False	False	0.5729349736379613	1.0
EOG09261M4S	True	True	0.1961299569995222	0.0165703861356035	644	506	192	191	0.9285714285714286	0.9285714285714286	False	False	0.7857142857142857	0.9947916666666666
EOG09261M78	True	True	0.1771815325114817	0.0010482180293501	591	477	107	107	1.0	1.0	False	False	0.8071065989847716	1.0
EOG09261MG9	True	True	0.0049867996479906	0.0005927682276229	487	482	38	36	1.0	1.0	False	False	0.9897330595482546	0.9473684210526315
EOG09261MMR	True	True	0.0126984126984126	0.0006713211600429	540	532	185	185	1.0	1.0	False	False	0.9851851851851852	1.0
EOG09261MOX	True	True	0.2668535746145024	0.0092647937836222	1121	717	316	258	1.0	1.0	False	False	0.639607493309545	0.8164556962025317
EOG09261MPU	True	True	0.2443887557202004	0.0181264280274181	706	505	245	227	0.9285714285714286	0.9285714285714286	False	False	0.7152974504249292	0.926530612244898
EOG09261N20	True	True	0.2075992358310337	0.0306503198294243	673	536	315	315	1.0	1.0	False	False	0.7964338781575037	1.0
EOG09261N2L	False	True	0.7056615700683497	0.0240491216100972	1947	451	253	240	0.9285714285714286	0.9285714285714286	True	False	0.23163841807909605	0.9486166007905138
EOG09261N64	True	True	0.0434724451578384	0.0074084428291864	534	511	68	68	1.0	1.0	False	False	0.9569288389513109	1.0
EOG09261NLR	True	True	0.0391236306729264	0.003635937133474	639	609	181	175	1.0	1.0	False	False	0.9530516431924883	0.9668508287292817
EOG09261NLY	True	True	0.366157372039725	0.0022037853253824	935	551	177	177	1.0	1.0	False	False	0.5893048128342246	1.0
EOG09261NW2	True	True	0.4704700061842919	0.0121167492301512	2310	1067	519	491	1.0	1.0	False	False	0.46190476190476193	0.9460500963391136
EOG09261O4Y	True	True	0.0810147299509001	0.003610108303249	611	554	166	163	1.0	1.0	False	False	0.9067103109656302	0.9819277108433735
EOG09261O7R	True	True	0.0323580034423407	0.0007142857142857	415	400	146	146	1.0	1.0	False	False	0.963855421686747	1.0
EOG09261OIA	True	True	0.3674975525265457	0.0371315192743764	1897	1008	733	594	1.0	1.0	False	False	0.5313653136531366	0.810368349249659
EOG09261OIF	True	True	0.1056356487549148	0.0004473605726215	545	479	128	128	1.0	1.0	False	False	0.8788990825688073	1.0
EOG09261OKK	True	True	0.1684854937450093	0.0726998491704374	578	510	177	176	0.9285714285714286	0.9285714285714286	False	False	0.8823529411764706	0.9943502824858758
EOG09261OLD	True	True	0.0488950756916652	0.0051746442432082	821	773	338	327	1.0	1.0	False	False	0.9415347137637028	0.9674556213017751
EOG09261ONU	True	True	0.0599647266313932	0.0014238253440911	324	301	152	149	1.0	1.0	False	False	0.9290123456790124	0.9802631578947368
EOG09261OSU	True	True	0.0645973154362416	0.0055341055341055	596	555	74	73	1.0	1.0	False	False	0.9312080536912751	0.9864864864864865
EOG09261OXD	True	True	0.0537897310513447	0.0079777365491651	818	770	298	294	1.0	1.0	False	False	0.941320293398533	0.9865771812080537
EOG09261OXV	True	True	0.0591924135821352	0.0057298620382732	1401	1284	593	558	1.0	1.0	False	False	0.9164882226980728	0.9409780775716695
EOG09261P7G	True	True	0.4756837954559679	0.006771397616468	1229	568	243	216	0.9285714285714286	0.9285714285714286	False	False	0.46216436126932464	0.8888888888888888
EOG09261PJZ	True	True	0.304022450888681	0.1555272108843537	1069	840	382	371	1.0	1.0	False	False	0.7857811038353602	0.9712041884816754
EOG09261PNZ	True	True	0.2389240506329114	0.0019883756500458	632	467	166	163	1.0	1.0	False	False	0.7389240506329114	0.9819277108433735
EOG09261PUF	True	True	0.1206771682056853	0.0167574361122748	789	682	230	220	1.0	1.0	False	False	0.8643852978453739	0.9565217391304348
EOG09261Q18	True	True	0.3956226801484705	0.0064524291497975	1202	608	402	338	0.9285714285714286	0.9285714285714286	False	False	0.5058236272878536	0.8407960199004975
EOG09261Q5L	True	True	0.4437714285714286	0.0098967297762478	1250	332	496	195	1.0	1.0	False	False	0.2656	0.39314516129032256
EOG09261QR5	True	True	0.1930572472594397	0.010172490048651	821	646	355	349	1.0	1.0	False	False	0.7868453105968332	0.9830985915492958
EOG09261QR8	True	True	0.1131514987847691	0.0023291925465838	529	460	172	170	1.0	1.0	False	False	0.8695652173913043	0.9883720930232558
EOG09261QXC	True	True	0.0962891098714528	0.0001360544217687	589	525	125	125	1.0	1.0	False	False	0.8913412563667232	1.0
EOG09261QYO	True	True	0.4591884799138685	0.0050342915511454	2123	979	561	530	1.0	1.0	False	False	0.46113989637305697	0.9447415329768271
EOG09261RFF	True	True	0.2610321615557218	0.0132828993666432	1146	812	276	258	1.0	1.0	False	False	0.7085514834205934	0.9347826086956522
EOG09261RU1	True	True	0.4236583522297808	0.006769825918762	945	517	165	164	1.0	1.0	False	False	0.5470899470899471	0.9939393939393939
EOG09261RWJ	True	True	0.0865587614356087	0.0001296344309048	609	551	105	105	1.0	1.0	False	False	0.9047619047619048	1.0
EOG09261RWU	True	True	0.1179092382495948	0.0087800369685767	617	541	255	254	0.8571428571428571	0.8571428571428571	False	False	0.8768233387358185	0.996078431372549
EOG09261S0S	False	True	0.6469877090469474	0.0168067226890756	2127	578	243	238	1.0	1.0	True	False	0.27174424071462155	0.9794238683127572
EOG09261S7X	True	True	0.2756064690026954	0.0489396411092985	848	613	396	395	1.0	1.0	False	False	0.722877358490566	0.9974747474747475
EOG09261SS1	True	True	0.4264497878359264	0.0181467181467181	1010	555	208	207	1.0	1.0	False	False	0.5495049504950495	0.9951923076923077
EOG09261T6U	True	True	0.0501863354037267	0.0112987012987013	575	550	106	106	1.0	1.0	False	False	0.9565217391304348	1.0
EOG09261T74	True	True	0.0879216269841269	0.0171807359307359	576	528	54	54	1.0	1.0	False	False	0.9166666666666666	1.0
EOG09261T98	True	True	0.3570833828952063	0.0301852958756724	1201	717	200	188	1.0	1.0	False	False	0.5970024979184013	0.94
EOG09261TEQ	True	True	0.0387587822014051	0.0014778325123152	610	580	162	159	1.0	1.0	False	False	0.9508196721311475	0.9814814814814815
EOG09261TPN	True	True	0.0051218161683277	0.0013978194017332	516	511	85	85	1.0	1.0	False	False	0.9903100775193798	1.0
EOG09261UMG	True	True	0.0641891891891891	0.0026212319790301	592	545	212	206	1.0	1.0	False	False	0.9206081081081081	0.9716981132075472
EOG09261UOJ	True	True	0.5665584415584416	0.0079365079365079	1320	441	224	211	1.0	1.0	False	False	0.3340909090909091	0.9419642857142857
EOG09261UPM	True	True	0.095719537815126	0.0202938609252254	1088	982	586	577	1.0	1.0	False	False	0.9025735294117647	0.984641638225256
EOG09261UWT	True	True	0.2020917678812415	0.0163757810816634	456	357	120	118	0.9285714285714286	0.9285714285714286	False	False	0.7828947368421053	0.9833333333333333
EOG09261V03	True	True	0.2550186741363212	0.0034965034965034	612	429	149	146	1.0	1.0	False	False	0.7009803921568627	0.9798657718120806
EOG09261V2P	True	True	0.4610320823244552	0.0145912910618792	1888	935	498	478	1.0	1.0	False	False	0.4952330508474576	0.9598393574297188
EOG09261V87	True	True	0.0286971093422706	0.0033857579729139	682	654	268	260	1.0	1.0	False	False	0.9589442815249267	0.9701492537313433
EOG09261V9P	True	True	0.1020408163265306	0.0079213329691341	588	523	93	91	1.0	1.0	False	False	0.8894557823129252	0.978494623655914
EOG09261VD2	True	True	0.2722063037249284	0.0003185220576524	698	483	251	249	0.9285714285714286	0.9285714285714286	False	False	0.6919770773638968	0.9920318725099602
EOG09261VI3	True	True	0.0986813186813186	0.0006147037128104	650	581	86	86	1.0	1.0	False	False	0.8938461538461538	1.0
EOG09261VUC	True	True	0.1770558060003109	0.0154285714285714	919	750	408	404	1.0	1.0	False	False	0.8161044613710555	0.9901960784313726
EOG09261W1K	True	True	0.1458940240925911	0.0094172494172494	977	825	484	479	0.9285714285714286	0.9285714285714286	False	False	0.8444216990788127	0.9896694214876033
EOG09261W2O	True	True	0.0693634596695821	0.0027314941272876	588	523	222	198	1.0	1.0	False	False	0.8894557823129252	0.8918918918918919
EOG09261W3X	True	True	0.4762116214158843	0.0035151856017997	1126	508	86	85	1.0	1.0	False	False	0.4511545293072824	0.9883720930232558
EOG09261W90	True	True	0.3221532091097308	0.0298645320197044	690	464	117	116	1.0	1.0	False	False	0.672463768115942	0.9914529914529915
EOG09261WJ8	True	True	0.1998785855213234	0.0041958041958041	599	455	265	258	0.7857142857142857	0.7857142857142857	False	False	0.7595993322203672	0.9735849056603774
EOG09261WVT	True	True	0.3241132443865929	0.0081884605694129	878	567	151	151	1.0	1.0	False	False	0.6457858769931663	1.0
EOG09261X9E	True	True	0.0354064039408867	0.0070467648942985	464	446	141	137	1.0	1.0	False	False	0.9612068965517241	0.9716312056737588
EOG09261XAF	True	True	0.3513770180436847	0.0229952830188679	702	424	180	170	0.8571428571428571	0.8571428571428571	False	False	0.603988603988604	0.9444444444444444
EOG09261XGL	True	True	0.3876112136981702	0.0077764976958525	851	496	220	218	1.0	1.0	False	False	0.5828437132784959	0.990909090909091
EOG09261XNJ	True	True	0.0153439153439153	0.0088117489986648	540	535	92	91	1.0	1.0	False	False	0.9907407407407407	0.9891304347826086
EOG09261XNU	True	True	0.0267649983427245	0.0020554984583761	862	834	182	179	1.0	1.0	False	False	0.9675174013921114	0.9835164835164835
EOG09261XZ6	True	True	0.1046191786019159	0.00819493006993	811	704	410	388	0.9285714285714286	0.9285714285714286	False	False	0.8680641183723797	0.9463414634146341
EOG09261Y04	True	True	0.5151975683890577	0.0230683713173985	1128	514	113	112	1.0	1.0	False	False	0.45567375886524825	0.9911504424778761
EOG09261YGB	True	True	0.1199835638953568	0.0053066037735849	1043	848	405	339	1.0	1.0	False	False	0.8130393096836049	0.837037037037037
EOG09261YLQ	True	True	0.2139984680199157	0.0376579203109815	746	588	196	189	1.0	1.0	False	False	0.7882037533512064	0.9642857142857143
EOG09261YRA	True	True	0.0906546605013385	0.0071294054344901	587	531	188	188	1.0	1.0	False	False	0.9045996592844975	1.0
EOG09261YV6	True	True	0.1524693404043752	0.0203522504892367	862	730	265	263	1.0	1.0	False	False	0.8468677494199536	0.9924528301886792
EOG09261ZFN	True	True	0.1136226642555756	0.0180831826401446	948	790	282	234	1.0	1.0	False	False	0.8333333333333334	0.8297872340425532
EOG09261ZI1	True	True	0.0951121189216427	0.0055272108843537	567	504	159	150	1.0	1.0	False	False	0.8888888888888888	0.9433962264150944
EOG09261ZJR	True	True	0.0415393430099312	0.0075501688853566	748	719	285	284	1.0	1.0	False	False	0.9612299465240641	0.9964912280701754
EOG09261ZPW	True	True	0.2752629476767407	0.0131678666161424	1073	754	308	302	1.0	1.0	False	False	0.7027027027027027	0.9805194805194806
EOG09261ZXZ	True	True	0.1157968722544368	0.0091076545231273	813	698	311	291	1.0	1.0	False	False	0.8585485854858549	0.9356913183279743
EOG092620CR	True	True	0.1836982968369829	0.015359828141783	822	665	301	296	1.0	1.0	False	False	0.8090024330900243	0.9833887043189369
EOG092620E4	True	True	0.0034369396294082	0.0	478	476	48	48	1.0	1.0	False	False	0.99581589958159	1.0
EOG092620EL	False	True	0.6525874355882031	0.0148083623693379	2606	574	321	278	1.0	1.0	True	False	0.2202609363008442	0.8660436137071651
EOG092620FM	True	True	0.4518489984591679	0.0201498320847326	1298	553	358	320	1.0	1.0	False	False	0.42604006163328195	0.8938547486033519
EOG092620IA	True	True	0.0793172690763052	0.0072292943580072	996	909	479	470	1.0	1.0	False	False	0.9126506024096386	0.9812108559498957
EOG092620U5	True	True	0.211100633167183	0.0423244877393349	571	458	240	239	0.9285714285714286	0.9285714285714286	False	False	0.8021015761821366	0.9958333333333333
EOG092620V3	False	True	0.676785335876245	0.0281376518218623	1452	380	231	219	0.9285714285714286	0.9285714285714286	True	False	0.26170798898071623	0.948051948051948
EOG0926213Q	True	True	0.1679158448389217	0.0099203122458936	585	473	231	223	0.9285714285714286	0.9285714285714286	False	False	0.8085470085470086	0.9653679653679653
EOG0926213Z	True	True	0.3735110606920023	0.0299625468164794	1763	1068	595	588	1.0	1.0	False	False	0.6057855927396484	0.9882352941176471
EOG092621CK	True	True	0.2842043452730475	0.1304422646704525	1179	894	531	491	0.9285714285714286	0.9285714285714286	False	False	0.7582697201017812	0.9246704331450094
EOG092621CP	True	True	0.1530429107521618	0.0386973180076628	681	580	220	220	0.6428571428571429	0.6428571428571429	False	False	0.8516886930983847	1.0
EOG092621F2	True	True	0.3089685501066098	0.0140324963072378	1072	677	299	262	1.0	1.0	False	False	0.6315298507462687	0.8762541806020067
EOG092621GA	True	True	0.0532449266626481	0.0089826839826839	711	660	335	319	1.0	1.0	False	False	0.9282700421940928	0.9522388059701492
EOG092621GY	True	True	0.4118799686485276	0.25420025615912	1374	1021	374	362	0.9285714285714286	0.9285714285714286	False	False	0.7430858806404658	0.9679144385026738
EOG092621S9	True	True	0.032815631262525	0.0235801217038539	499	493	163	163	0.5714285714285714	0.5714285714285714	False	False	0.9879759519038076	1.0
EOG092621X3	True	True	0.0853625541125541	0.0022614201718679	672	603	253	248	0.7857142857142857	0.7857142857142857	False	False	0.8973214285714286	0.9802371541501976
EOG092621YU	True	True	0.0596885813148788	0.0	578	539	159	158	1.0	1.0	False	False	0.9325259515570934	0.9937106918238994
EOG092621ZV	True	True	0.0544766708701134	0.0240053050397878	610	580	313	307	0.9285714285714286	0.9285714285714286	False	False	0.9508196721311475	0.9808306709265175
EOG0926229Z	True	True	0.065599173553719	0.0011160714285714	484	448	184	184	0.8571428571428571	0.8571428571428571	False	False	0.9256198347107438	1.0
EOG09262341	True	True	0.5070480928689884	0.0151945470036921	1206	503	284	231	1.0	1.0	False	False	0.41708126036484244	0.8133802816901409
EOG0926235L	True	True	0.1174646249273115	0.0078125	737	640	289	281	1.0	1.0	False	False	0.8683853459972863	0.972318339100346
EOG09262387	True	True	0.1007163927517909	0.0048647365923113	678	602	188	184	1.0	1.0	False	False	0.887905604719764	0.9787234042553191
EOG092623WR	True	True	0.1792293233082706	0.0224252491694352	760	602	221	198	1.0	1.0	False	False	0.7921052631578948	0.8959276018099548
EOG0926248P	True	True	0.5537219947000722	0.0227364185110664	1779	710	259	255	1.0	1.0	False	False	0.3991006183249016	0.9845559845559846
EOG0926248W	True	True	0.3077024968540963	0.0307095692275442	2157	1363	580	520	1.0	1.0	False	False	0.6318961520630505	0.896551724137931
EOG092624JL	True	True	0.1740959541711421	0.0166666666666666	798	630	265	240	1.0	1.0	False	False	0.7894736842105263	0.9056603773584906
EOG092624KK	True	True	0.136734693877551	0.0396313364055299	525	465	209	209	1.0	1.0	False	False	0.8857142857142857	1.0
EOG092624RX	True	True	0.5281506712081747	0.0205373288555928	1426	553	332	282	1.0	1.0	False	False	0.38779803646563815	0.8493975903614458
EOG092624SJ	True	True	0.1005808950086058	0.0108451757666417	664	573	292	269	1.0	1.0	False	False	0.8629518072289156	0.9212328767123288
EOG092624UF	True	True	0.1840178571428571	0.0534918276374442	800	673	240	233	1.0	1.0	False	False	0.84125	0.9708333333333333
EOG092624X0	True	True	0.1106102635228848	0.0069590336134453	618	544	237	234	1.0	1.0	False	False	0.8802588996763754	0.9873417721518988
EOG09262516	True	True	0.0105578727841501	0.0001320306311064	548	541	71	70	1.0	1.0	False	False	0.9872262773722628	0.9859154929577465
EOG0926251E	True	True	0.0748887476160203	0.0033444816053511	605	552	203	200	0.9285714285714286	0.9285714285714286	False	False	0.912396694214876	0.9852216748768473
EOG09262528	True	True	0.1603942652329749	0.0050223214285714	558	448	165	154	0.8571428571428571	0.8571428571428571	False	False	0.8028673835125448	0.9333333333333333
EOG092625AX	True	True	0.3494732951395305	0.0451205173427395	773	486	219	201	1.0	1.0	False	False	0.628719275549806	0.9178082191780822
EOG092625OH	True	True	0.4249419279907084	0.0086744375169422	984	527	198	191	1.0	1.0	False	False	0.5355691056910569	0.9646464646464646
EOG092625P1	True	True	0.2702084392475851	0.0343337334933973	843	595	282	278	1.0	1.0	False	False	0.7058125741399762	0.9858156028368794
EOG092625U6	True	True	0.5686115613182063	0.0402601969057665	1234	474	254	253	0.8571428571428571	0.8571428571428571	False	False	0.3841166936790924	0.9960629921259843
EOG09262645	True	True	0.2814531272569695	0.0205882352941176	989	680	391	361	1.0	1.0	False	False	0.6875631951466128	0.9232736572890026
EOG092626EQ	True	True	0.2008828250401284	0.0179878686467266	890	683	307	291	1.0	1.0	False	False	0.7674157303370787	0.9478827361563518
EOG092626HU	True	True	0.1075148809523809	0.0009861932938856	576	507	157	157	1.0	1.0	False	False	0.8802083333333334	1.0
EOG09262739	True	True	0.0123568414707655	0.0001529519730804	474	467	79	79	1.0	1.0	False	False	0.9852320675105485	1.0
EOG0926273Q	True	True	0.3604570033141461	0.0011929615269907	819	479	97	89	1.0	1.0	False	False	0.5848595848595849	0.9175257731958762
EOG092627F1	True	True	0.183686518085495	0.0078162578162578	782	594	256	224	1.0	1.0	False	False	0.7595907928388747	0.875
EOG092627XA	True	True	0.2399758210759621	0.0016839741790625	709	509	167	158	1.0	1.0	False	False	0.7179125528913963	0.9461077844311377
EOG092628A0	True	True	0.3617986561764199	0.2172573189522342	1583	1180	244	221	0.7857142857142857	0.7857142857142857	False	False	0.7454200884396716	0.9057377049180327
EOG092628FW	True	True	0.1562137049941928	0.0080928923293455	492	406	164	161	1.0	1.0	False	False	0.8252032520325203	0.9817073170731707
EOG092628HC	True	True	0.2928210069862684	0.0171149144254278	593	409	155	155	1.0	1.0	False	False	0.6897133220910624	1.0
EOG092628LW	True	True	0.1117300131061598	0.0129032258064516	872	775	280	280	1.0	1.0	False	False	0.8887614678899083	1.0
EOG092628SP	True	True	0.2158273381294964	0.0143334925943621	417	322	148	147	0.9285714285714286	0.9285714285714286	False	False	0.7721822541966427	0.9932432432432432
EOG09262914	False	True	0.750073335288941	0.013648771610555	2435	471	136	133	1.0	1.0	True	False	0.19342915811088296	0.9779411764705882
EOG092629FB	True	True	0.2484410430839002	0.0237055520898315	1008	687	438	371	1.0	1.0	False	False	0.6815476190476191	0.8470319634703196
EOG092629RT	True	True	0.0598055790363482	0.0222022875084099	676	637	240	233	1.0	1.0	False	False	0.9423076923076923	0.9708333333333333
EOG092629U5	True	True	0.4850260416666667	0.0415120593692022	768	308	219	166	1.0	1.0	False	False	0.4010416666666667	0.7579908675799086
EOG092629WA	True	True	0.1572918606816911	0.0123585123585123	826	666	280	256	0.9285714285714286	0.9285714285714286	False	False	0.8062953995157385	0.9142857142857143
EOG092629WJ	True	True	0.5417416336811803	0.0165988434354251	1985	667	370	334	1.0	1.0	False	False	0.33602015113350125	0.9027027027027027
EOG092629ZN	True	True	0.0859263939346074	0.0005232862375719	487	441	119	119	0.9285714285714286	0.9285714285714286	False	False	0.9055441478439425	1.0
EOG09262A65	True	True	0.3891249425815342	0.0383469103914166	1244	719	402	362	1.0	1.0	False	False	0.5779742765273312	0.900497512437811
EOG09262A6N	False	True	0.691276730187236	0.0109890109890109	2313	525	265	229	0.9285714285714286	0.9285714285714286	True	False	0.22697795071335927	0.8641509433962264
EOG09262A8G	True	True	0.373172514619883	0.0184959349593495	684	410	165	162	0.8571428571428571	0.8571428571428571	False	False	0.5994152046783626	0.9818181818181818
EOG09262B1U	True	True	0.1989795918367347	0.0378452096829185	532	419	213	202	1.0	1.0	False	False	0.7875939849624061	0.9483568075117371
EOG09262BCZ	True	True	0.5066686425607587	0.0061383928571428	1446	640	319	309	1.0	1.0	False	False	0.4426002766251729	0.9686520376175548
EOG09262BHE	True	True	0.3798057466612707	0.0079570688378978	706	386	80	74	1.0	1.0	False	False	0.546742209631728	0.925
EOG09262BVA	True	True	0.2154195011337868	0.0148478099480326	588	449	268	264	0.8571428571428571	0.8571428571428571	False	False	0.7636054421768708	0.9850746268656716
EOG09262C5Z	False	True	0.6271322819439974	0.0049513704686118	1434	435	283	266	0.9285714285714286	0.9285714285714286	True	False	0.303347280334728	0.9399293286219081
EOG09262CA4	True	True	0.0098568728058331	0.0020447110141766	529	524	105	105	1.0	1.0	False	False	0.9905482041587902	1.0
EOG09262CBI	False	True	0.6016638728503135	0.0154217762913415	1239	414	137	135	0.9285714285714286	0.9285714285714286	True	False	0.3341404358353511	0.9854014598540146
EOG09262CDO	True	True	0.1081213307240704	0.0171081677704194	511	453	55	55	0.8571428571428571	0.8571428571428571	False	False	0.8864970645792564	1.0
EOG09262CMP	True	True	0.0211821410451547	0.0042901716068642	657	641	184	181	0.8571428571428571	0.8571428571428571	False	False	0.9756468797564688	0.9836956521739131
EOG09262CO6	True	True	0.0338269454123112	0.0098625224148236	492	478	127	127	1.0	1.0	False	False	0.9715447154471545	1.0
EOG09262CUO	True	True	0.2230621016748184	0.0782332023207935	519	411	145	131	0.9285714285714286	0.9285714285714286	False	False	0.791907514450867	0.903448275862069
EOG09262CXO	True	True	0.2171513479091488	0.0116279069767441	673	516	185	182	1.0	1.0	False	False	0.7667161961367014	0.9837837837837838
EOG09262D0D	False	True	0.62531829756275	0.0048701298701298	2749	836	380	337	1.0	1.0	True	False	0.3041105856675155	0.8868421052631579
EOG09262D4G	True	True	0.2603321381392716	0.0265585686329326	757	511	328	292	1.0	1.0	False	False	0.6750330250990753	0.8902439024390244
EOG09262DC1	True	True	0.0776570368407103	0.0017386264850767	539	493	169	168	1.0	1.0	False	False	0.9146567717996289	0.9940828402366864
EOG09262DKA	True	True	0.0658622423328305	0.0047169811320754	459	424	123	121	0.9285714285714286	0.9285714285714286	False	False	0.9237472766884531	0.983739837398374
EOG09262DPL	True	True	0.1413127413127413	0.0605278255880665	555	498	182	182	1.0	1.0	False	False	0.8972972972972973	1.0
EOG09262DUV	True	True	0.1372806298179432	0.0229819563152896	469	405	134	132	0.9285714285714286	0.9285714285714286	False	False	0.8635394456289979	0.9850746268656716
EOG09262E3Q	False	True	0.608708384015858	0.0356231778425656	3171	784	744	501	1.0	1.0	True	False	0.24724061810154527	0.6733870967741935
EOG09262E4Q	True	True	0.1279004752585966	0.0004881223560039	511	439	95	94	1.0	1.0	False	False	0.8590998043052838	0.9894736842105263
EOG09262E4T	True	True	0.0633448184468592	0.0143986448334274	539	506	218	214	1.0	1.0	False	False	0.9387755102040817	0.981651376146789
EOG09262E7I	True	True	0.2538810395953253	0.0281454979129397	882	645	250	245	0.9285714285714286	0.9285714285714286	False	False	0.7312925170068028	0.98
EOG09262E7W	True	True	0.2333063537029542	0.0147347740667976	706	509	263	241	1.0	1.0	False	False	0.7209631728045326	0.9163498098859315
EOG09262E98	True	True	0.0425985090521831	0.0069996818326439	939	898	347	343	1.0	1.0	False	False	0.9563365282215123	0.9884726224783862
EOG09262ESR	True	True	0.3494208494208494	0.167776432606941	962	708	286	284	1.0	1.0	False	False	0.735966735966736	0.993006993006993
EOG09262F22	True	True	0.0121293800539083	0.0027275826798499	424	419	92	92	1.0	1.0	False	False	0.9882075471698113	1.0
EOG09262F7P	False	True	0.7817252141576466	0.0082923832923832	2738	296	187	135	0.7857142857142857	0.7857142857142857	True	False	0.10810810810810811	0.7219251336898396
EOG09262FE3	True	True	0.3737493051695386	0.0142325086459164	1028	537	254	237	1.0	1.0	False	False	0.5223735408560312	0.9330708661417323
EOG09262FJB	True	True	0.5905162696325242	0.0153977758768177	1901	501	348	223	1.0	1.0	False	False	0.26354550236717517	0.6408045977011494
EOG09262FW1	True	True	0.2842150353394731	0.0218944099378881	667	460	255	246	1.0	1.0	False	False	0.6896551724137931	0.9647058823529412
EOG09262G8Y	True	True	0.4030416163390798	0.0171600171600171	1301	666	398	361	1.0	1.0	False	False	0.5119139123750961	0.907035175879397
EOG09262GLP	True	True	0.1406818181818181	0.0198072805139186	550	467	199	198	0.5714285714285714	0.5714285714285714	False	False	0.8490909090909091	0.9949748743718593
EOG09262GNE	False	True	0.6626243781094527	0.0008135372600065	1608	439	227	220	1.0	1.0	True	False	0.27300995024875624	0.9691629955947136
EOG09262GVX	True	True	0.3661611547597296	0.0062838569880823	1263	710	261	250	0.9285714285714286	0.9285714285714286	False	False	0.56215360253365	0.9578544061302682
EOG09262GWQ	True	True	0.3618021322939356	0.031060606060606	793	480	229	228	0.7857142857142857	0.7857142857142857	False	False	0.605296343001261	0.9956331877729258
EOG09262GXD	True	True	0.0028892455858747	0.0	445	443	70	69	1.0	1.0	False	False	0.9955056179775281	0.9857142857142858
EOG09262H1X	True	True	0.1185048264530704	0.0033167495854063	541	469	159	159	0.6428571428571429	0.6428571428571429	False	False	0.866913123844732	1.0
EOG09262H34	True	True	0.5252414548941708	0.0126630126630126	1123	407	263	213	0.9285714285714286	0.9285714285714286	False	False	0.3624220837043633	0.8098859315589354
EOG09262H50	True	True	0.1951788491446345	0.0215442452284557	643	494	266	242	1.0	1.0	False	False	0.7682737169517885	0.9097744360902256
EOG09262HA6	True	True	0.0428200030585716	0.0019515368352577	503	473	186	180	0.9285714285714286	0.9285714285714286	False	False	0.9403578528827038	0.967741935483871
EOG09262HKC	True	True	0.1105415645197236	0.003088803088803	641	555	259	249	1.0	1.0	False	False	0.8658346333853354	0.9613899613899614
EOG09262HP3	True	True	0.18837058632977	0.002035002035002	441	351	113	112	1.0	1.0	False	False	0.7959183673469388	0.9911504424778761
EOG09262HQM	True	True	0.2701508310116245	0.0240431795878312	1487	1019	670	627	1.0	1.0	False	False	0.6852723604572966	0.935820895522388
EOG09262I0R	True	True	0.2642349825448417	0.0053586862575626	639	445	221	215	0.9285714285714286	0.9285714285714286	False	False	0.6964006259780907	0.9728506787330317
EOG09262I5I	True	True	0.0858355437665782	0.0016542597187758	725	651	190	183	0.9285714285714286	0.9285714285714286	False	False	0.8979310344827586	0.9631578947368421
EOG09262ILV	True	True	0.2742402315484805	0.0371900826446281	691	484	242	228	1.0	1.0	False	False	0.7004341534008683	0.9421487603305785
EOG09262IP2	True	True	0.0904602643733078	0.004524886877828	483	425	147	138	0.9285714285714286	0.9285714285714286	False	False	0.8799171842650103	0.9387755102040817
EOG09262IY3	False	True	0.7089168836652826	0.0221445221445221	2186	330	330	178	0.9285714285714286	0.9285714285714286	True	False	0.15096065873741996	0.5393939393939394
EOG09262IZ6	True	True	0.0666877370417193	0.0042925824175824	452	416	114	111	1.0	1.0	False	False	0.9203539823008849	0.9736842105263158
EOG09262IZO	True	True	0.2079152731326644	0.0089941262848751	598	454	140	137	0.8571428571428571	0.8571428571428571	False	False	0.7591973244147158	0.9785714285714285
EOG09262J7K	True	True	0.1938136956910423	0.046559164206223	799	629	205	195	1.0	1.0	False	False	0.7872340425531915	0.9512195121951219
EOG09262JAT	True	True	0.1380858826831321	0.0092224231464737	509	395	204	155	1.0	1.0	False	False	0.7760314341846758	0.7598039215686274
EOG09262JRP	True	True	0.3585700014271443	0.0291545189504373	1001	588	370	347	1.0	1.0	False	False	0.5874125874125874	0.9378378378378378
EOG09262JWJ	True	True	0.2168782673637042	0.0	515	394	51	51	0.9285714285714286	0.9285714285714286	False	False	0.7650485436893204	1.0
EOG09262JZK	True	True	0.0685570710696338	0.001978630787495	398	361	116	113	1.0	1.0	False	False	0.907035175879397	0.9741379310344828
EOG09262JZW	True	True	0.2307692307692307	0.0311644876862268	660	506	249	249	0.9285714285714286	0.9285714285714286	False	False	0.7666666666666667	1.0
EOG09262K67	True	True	0.1704681872749099	0.0288690476190476	595	480	212	198	1.0	1.0	False	False	0.8067226890756303	0.9339622641509434
EOG09262K8C	True	True	0.2540447504302926	0.0068590350047303	415	302	134	134	1.0	1.0	False	False	0.727710843373494	1.0
EOG09262K8L	True	True	0.5157749227516669	0.024765478424015	946	410	215	202	0.9285714285714286	0.9285714285714286	False	False	0.4334038054968288	0.9395348837209302
EOG09262K9A	True	True	0.1244253754213913	0.0099027409372236	502	435	146	144	0.9285714285714286	0.9285714285714286	False	False	0.8665338645418327	0.9863013698630136
EOG09262KJA	True	True	0.0350803043110735	0.0149985149985149	507	481	217	201	1.0	1.0	False	False	0.9487179487179487	0.9262672811059908
EOG09262KN8	True	True	0.2520769369694781	0.008063492063492	1582	1125	536	518	1.0	1.0	False	False	0.7111251580278128	0.9664179104477612
EOG09262KUJ	True	True	0.0739010989010989	0.0082241851964666	520	469	149	138	1.0	1.0	False	False	0.9019230769230769	0.9261744966442953
EOG09262KVB	True	True	0.3510263321584076	0.0230582524271844	689	412	216	195	1.0	1.0	False	False	0.5979680696661829	0.9027777777777778
EOG09262KXK	True	True	0.5724946695095949	0.0145032632342277	1139	394	89	87	1.0	1.0	False	False	0.34591747146619845	0.9775280898876404
EOG09262KZ3	True	True	0.272829131652661	0.0196025778732545	765	532	277	267	1.0	1.0	False	False	0.6954248366013072	0.9638989169675091
EOG09262L1P	True	True	0.4956160860416179	0.0035714285714285	1222	540	187	183	1.0	1.0	False	False	0.44189852700491	0.9786096256684492
EOG09262LI4	True	True	0.4461682782508298	0.0191603268526345	1066	546	271	266	0.9285714285714286	0.9285714285714286	False	False	0.5121951219512195	0.981549815498155
EOG09262LQT	True	True	0.0479365079365079	0.0262412891986062	675	656	305	303	1.0	1.0	False	False	0.9718518518518519	0.9934426229508196
EOG09262LYR	True	True	0.0044345898004434	0.0017499204581609	451	449	66	66	1.0	1.0	False	False	0.9955654101995566	1.0
EOG09262M0W	True	True	0.1130816791409046	0.021260723610593	439	383	111	105	1.0	1.0	False	False	0.8724373576309795	0.9459459459459459
EOG09262M2J	True	True	0.0980357142857142	0.00438946528332	400	358	187	187	1.0	1.0	False	False	0.895	1.0
EOG09262M7B	True	True	0.0629523649217303	0.0030841799709724	457	424	108	104	0.9285714285714286	0.9285714285714286	False	False	0.9277899343544858	0.9629629629629629
EOG09262MEK	True	True	0.2377801782338644	0.0003871467286101	529	369	192	191	1.0	1.0	False	False	0.6975425330812854	0.9947916666666666
EOG09262MFL	True	True	0.3338628762541806	0.0339831401475237	920	584	299	281	0.9285714285714286	0.9285714285714286	False	False	0.6347826086956522	0.939799331103679
EOG09262MJW	True	True	0.2613599215429879	0.1419517102615694	874	710	191	172	1.0	1.0	False	False	0.8123569794050344	0.900523560209424
EOG09262MOO	True	True	0.1805668016194332	0.0369885433715221	570	470	305	303	0.9285714285714286	0.9285714285714286	False	False	0.8245614035087719	0.9934426229508196
EOG09262MXH	True	True	0.0478664192949907	0.000197316495659	385	362	117	115	1.0	1.0	False	False	0.9402597402597402	0.9829059829059829
EOG09262N0U	True	True	0.3747321428571428	0.0375401694420099	800	489	198	197	1.0	1.0	False	False	0.61125	0.9949494949494949
EOG09262N10	True	True	0.541235567551357	0.0058019839041736	1026	411	229	220	0.9285714285714286	0.9285714285714286	False	False	0.40058479532163743	0.9606986899563319
EOG09262N3C	True	True	0.0178134823611596	0.0077793493635077	409	404	72	71	1.0	1.0	False	False	0.9877750611246944	0.9861111111111112
EOG09262N47	True	True	0.3328290468986384	0.0120209059233449	661	410	232	213	1.0	1.0	False	False	0.6202723146747352	0.9181034482758621
EOG09262N5O	True	True	0.1144489795918367	0.0078830994039607	875	743	370	347	1.0	1.0	False	False	0.8491428571428571	0.9378378378378378
EOG09262NB1	False	True	0.6086691086691086	0.0023214285714285	1170	400	153	150	1.0	1.0	True	False	0.3418803418803419	0.9803921568627451
EOG09262NIR	True	True	0.5244169096209913	0.0101279317697228	980	268	254	157	1.0	1.0	False	False	0.27346938775510204	0.6181102362204725
EOG09262NNS	True	True	0.0761904761904762	0.0034441449535789	525	477	175	167	1.0	1.0	False	False	0.9085714285714286	0.9542857142857143
EOG09262O0R	True	True	0.4147163452536978	0.0005102040816326	763	420	145	143	1.0	1.0	False	False	0.5504587155963303	0.9862068965517241
EOG09262OJ4	True	True	0.4330510554737359	0.2978451715881883	1164	895	219	219	1.0	1.0	False	False	0.7689003436426117	1.0
EOG09262OLP	True	True	0.3857142857142857	0.0261164794985635	1080	547	419	324	1.0	1.0	False	False	0.5064814814814815	0.7732696897374701
EOG09262OX9	True	True	0.2183608784242698	0.0171661332557462	631	491	165	165	1.0	1.0	False	False	0.7781299524564184	1.0
EOG09262P1W	True	True	0.0284280936454849	0.0003159058600537	506	487	114	111	0.9285714285714286	0.9285714285714286	False	False	0.9624505928853755	0.9736842105263158
EOG09262PAY	True	True	0.2815676832530765	0.0238747553816046	534	365	175	173	1.0	1.0	False	False	0.6835205992509363	0.9885714285714285
EOG09262PIH	True	True	0.1321508469159475	0.00037397157816	447	382	45	45	1.0	1.0	False	False	0.854586129753915	1.0
EOG09262PMC	True	True	0.1365871649864765	0.0108983799705449	1743	1455	773	727	1.0	1.0	False	False	0.8347676419965576	0.9404915912031048
EOG09262POL	True	True	0.1258503401360544	0.0233891309332721	756	623	398	350	1.0	1.0	False	False	0.8240740740740741	0.8793969849246231
EOG09262PPU	True	True	0.1606110652353427	0.0220156555772994	519	438	131	130	1.0	1.0	False	False	0.8439306358381503	0.9923664122137404
EOG09262PZ9	True	True	0.0408842405514618	0.0165309647174932	601	579	223	220	1.0	1.0	False	False	0.9633943427620633	0.9865470852017937
EOG09262Q6S	True	True	0.1255060728744939	0.0090579710144927	646	552	270	265	0.9285714285714286	0.9285714285714286	False	False	0.8544891640866873	0.9814814814814815
EOG09262Q8D	True	True	0.0387660838007258	0.0292056074766355	433	428	83	83	1.0	1.0	False	False	0.9884526558891455	1.0
EOG09262QJW	True	True	0.1460760269773145	0.001840942562592	466	388	91	85	1.0	1.0	False	False	0.8326180257510729	0.9340659340659341
EOG09262QL6	True	True	0.280524278676988	0.0049304677623261	812	565	165	164	1.0	1.0	False	False	0.6958128078817734	0.9939393939393939
EOG09262QRH	True	True	0.549949609473419	0.5246642823402389	2268	2117	350	352	1.0	1.0	False	False	0.9334215167548501	1.0057142857142858
EOG09262QS5	True	True	0.4063386944181646	0.0064791403286978	906	452	184	165	1.0	1.0	False	False	0.4988962472406181	0.8967391304347826
EOG09262QTY	True	True	0.5003564299971486	0.003012048192771	1169	415	234	167	0.8571428571428571	0.8571428571428571	False	False	0.3550042771599658	0.7136752136752137
EOG09262R8O	True	True	0.1695893926432848	0.0246930803571428	668	512	332	272	1.0	1.0	False	False	0.7664670658682635	0.8192771084337349
EOG09262SI7	True	True	0.1656131479140328	0.0019731649565903	678	543	302	288	1.0	1.0	False	False	0.8008849557522124	0.9536423841059603
EOG09262SMG	True	True	0.0652398143372872	0.0169608383894098	554	518	230	226	1.0	1.0	False	False	0.9350180505415162	0.9826086956521739
EOG09262SR7	True	True	0.4915902750099641	0.0061250225184651	965	427	275	252	0.9285714285714286	0.9285714285714286	False	False	0.44248704663212435	0.9163636363636364
EOG09262SWJ	False	True	0.7236053180396246	0.0072692793931731	1096	226	125	116	1.0	1.0	True	False	0.2062043795620438	0.928
EOG09262TEV	True	True	0.439759892022448	0.2639891696750902	2011	1108	712	442	1.0	1.0	False	False	0.5509696668324217	0.6207865168539326
EOG09262TO9	True	True	0.231720202874049	0.0022720817949446	676	503	100	99	1.0	1.0	False	False	0.7440828402366864	0.99
EOG09262TUR	False	True	0.6381441139505656	0.0129087779690189	1364	415	191	190	1.0	1.0	True	False	0.30425219941348974	0.9947643979057592
EOG09262U7S	True	True	0.5330620549338759	0.0186488388458831	983	406	216	200	1.0	1.0	False	False	0.41302136317395727	0.9259259259259259
EOG09262UAS	True	True	0.1757166161733861	0.013116623895067	613	501	249	249	1.0	1.0	False	False	0.8172920065252854	1.0
EOG09262UB3	True	True	0.3493506493506493	0.008878876225815	880	539	268	263	1.0	1.0	False	False	0.6125	0.9813432835820896
EOG09262UTQ	True	True	0.4736346516007533	0.0094285714285714	531	250	133	128	1.0	1.0	False	False	0.4708097928436911	0.9624060150375939
EOG09262V3O	True	True	0.0266969610905992	0.0050700864897107	503	479	205	191	1.0	1.0	False	False	0.952286282306163	0.9317073170731708
EOG09262V8E	True	True	0.5941747572815534	0.0337434094903339	2060	569	211	178	0.7142857142857143	0.7142857142857143	False	False	0.27621359223300973	0.8436018957345972
EOG09262V9N	True	True	0.1863215084691594	0.0026683087027914	447	348	145	137	1.0	1.0	False	False	0.7785234899328859	0.9448275862068966
EOG09262VOC	True	True	0.144047619047619	0.0119724025974025	420	352	115	114	1.0	1.0	False	False	0.8380952380952381	0.991304347826087
EOG09262VPD	True	True	0.0003935458480913	0.0	363	362	66	66	1.0	1.0	False	False	0.9972451790633609	1.0
EOG09262VQQ	True	True	0.1882209405501331	0.0143694196428571	644	512	195	187	1.0	1.0	False	False	0.7950310559006211	0.958974358974359
EOG09262VVF	True	True	0.1405128205128205	0.0097483161999291	525	434	185	175	0.9285714285714286	0.9285714285714286	False	False	0.8266666666666667	0.9459459459459459
EOG09262W7C	False	True	0.658097854526426	0.000459242250287	1176	335	65	65	0.9285714285714286	0.9285714285714286	True	False	0.2848639455782313	1.0
EOG09262WFG	True	True	0.2505543237250554	0.0013186813186813	451	325	178	176	1.0	1.0	False	False	0.720620842572062	0.9887640449438202
EOG09262WHU	True	True	0.4235508900045641	0.004594820384294	626	342	136	136	1.0	1.0	False	False	0.5463258785942492	1.0
EOG09262WQX	False	True	0.6494115022033804	0.0086918730986527	1379	354	186	171	0.9285714285714286	0.9285714285714286	True	False	0.25670775924583034	0.9193548387096774
EOG09262WSH	True	True	0.5005077430820005	0.0663196452670136	1212	399	367	204	0.9285714285714286	0.9285714285714286	False	False	0.3292079207920792	0.555858310626703
EOG09262WXK	True	True	0.2081067721206129	0.0182300298309579	578	431	259	240	1.0	1.0	False	False	0.745674740484429	0.9266409266409267
EOG09262X01	True	True	0.0619601328903654	0.0382775119617224	430	418	231	231	1.0	1.0	False	False	0.9720930232558139	1.0
EOG09262X31	False	True	0.656807216278582	0.0408708938120702	1362	374	200	189	1.0	1.0	True	False	0.2745961820851689	0.945
EOG09262X74	True	True	0.4102879878741948	0.0125435540069686	754	410	143	133	1.0	1.0	False	False	0.5437665782493368	0.9300699300699301
EOG09262X7T	False	True	0.6196068082860535	0.082483781278962	1749	581	322	319	0.9285714285714286	0.9285714285714286	True	False	0.3321898227558605	0.9906832298136646
EOG09262X8R	True	True	0.2011879378617118	0.0384615384615384	469	364	208	201	1.0	1.0	False	False	0.7761194029850746	0.9663461538461539
EOG09262XGK	True	True	0.0651105651105651	0.0148342059336823	407	382	163	163	0.8571428571428571	0.8571428571428571	False	False	0.9385749385749386	1.0
EOG09262XMN	True	True	0.2517338534893801	0.0166994106090373	769	509	266	232	0.8571428571428571	0.8571428571428571	False	False	0.6618985695708712	0.8721804511278195
EOG09262XRU	True	True	0.0757327778604374	0.0037563285970929	517	471	131	125	0.9285714285714286	0.9285714285714286	False	False	0.9110251450676983	0.9541984732824428
EOG09262YAU	True	True	0.5564226767133118	0.0020661157024793	929	363	155	153	0.8571428571428571	0.8571428571428571	False	False	0.3907427341227126	0.9870967741935484
EOG09262YP5	False	True	0.6859303090072321	0.0637254901960784	1690	408	185	185	0.6428571428571429	0.6428571428571429	True	False	0.24142011834319527	1.0
EOG09262YQG	True	True	0.1727930938457254	0.0033308660251665	513	386	208	178	1.0	1.0	False	False	0.7524366471734892	0.8557692307692307
EOG09262Z0M	True	True	0.4456122789456123	0.0153333333333333	999	500	283	266	0.8571428571428571	0.8571428571428571	False	False	0.5005005005005005	0.9399293286219081
EOG09262Z14	True	True	0.23572653761333	0.0146985962014863	1166	865	430	405	1.0	1.0	False	False	0.741852487135506	0.9418604651162791
EOG09262Z2S	True	True	0.3271836564519491	0.0058640910658847	738	446	226	211	0.9285714285714286	0.9285714285714286	False	False	0.6043360433604336	0.9336283185840708
EOG09262ZZ8	True	True	0.4000858860578299	0.0141861622697859	499	287	80	79	1.0	1.0	False	False	0.5751503006012024	0.9875
EOG0926300R	True	True	0.5165343915343915	0.0262390670553935	1296	539	371	333	1.0	1.0	False	False	0.4158950617283951	0.8975741239892183
EOG0926306O	True	True	0.3422619047619047	0.0075030012004801	384	238	121	116	1.0	1.0	False	False	0.6197916666666666	0.9586776859504132
EOG0926307V	True	True	0.0035360678925035	0.0	404	396	137	133	1.0	1.0	False	False	0.9801980198019802	0.9708029197080292
EOG092630MJ	True	True	0.4989047097480832	0.037025609379821	1826	463	607	273	1.0	1.0	False	False	0.25355969331872946	0.4497528830313015
EOG092630N3	True	True	0.0254091300602928	0.0103342128408091	387	379	61	60	0.8571428571428571	0.8571428571428571	False	False	0.979328165374677	0.9836065573770492
EOG092630UB	True	True	0.3194905869324474	0.0253581107239643	1161	738	451	423	1.0	1.0	False	False	0.6356589147286822	0.9379157427937915
EOG092630YS	True	True	0.0006738544474393	0.0	424	420	74	73	1.0	1.0	False	False	0.9905660377358491	0.9864864864864865
EOG0926310O	True	True	0.2973411154345006	0.022834274952919	514	354	187	185	0.8571428571428571	0.8571428571428571	False	False	0.688715953307393	0.9893048128342246
EOG0926312D	True	True	0.4141970685781534	0.0044456419237505	1438	571	462	248	0.9285714285714286	0.9285714285714286	False	False	0.39707927677329624	0.5367965367965368
EOG0926315C	True	True	0.1003165809259992	0.0085139318885448	722	646	304	298	1.0	1.0	False	False	0.8947368421052632	0.9802631578947368
EOG092631IR	True	True	0.1100505689001264	0.0209346896653398	1130	969	506	457	1.0	1.0	False	False	0.8575221238938053	0.9031620553359684
EOG092631ML	True	True	0.3299765807962529	0.016287284144427	610	364	258	233	1.0	1.0	False	False	0.5967213114754099	0.9031007751937985
EOG092631MU	False	True	0.6969943871084555	0.0	1578	388	130	126	1.0	1.0	True	False	0.2458808618504436	0.9692307692307692
EOG092631QQ	True	True	0.2024024799793335	0.1320998278829604	553	498	93	91	1.0	1.0	False	False	0.9005424954792043	0.978494623655914
EOG092631UM	True	True	0.0099667774086378	0.0002100840336134	344	340	45	45	1.0	1.0	False	False	0.9883720930232558	1.0
EOG09263274	True	True	0.487120935330654	0.0099323753169907	782	338	209	176	1.0	1.0	False	False	0.4322250639386189	0.8421052631578947
EOG092632FC	True	True	0.1217003105590062	0.0011266336187471	368	317	38	36	1.0	1.0	False	False	0.8614130434782609	0.9473684210526315
EOG092632TF	True	True	0.1953891805523853	0.0544123739814942	674	557	362	359	0.9285714285714286	0.9285714285714286	False	False	0.8264094955489614	0.9917127071823204
EOG092632WW	True	True	0.0341444270015698	0.0010204081632653	364	350	70	68	1.0	1.0	False	False	0.9615384615384616	0.9714285714285714
EOG092633QB	True	True	0.1894572025052192	0.00591985428051	479	366	159	156	0.8571428571428571	0.8571428571428571	False	False	0.7640918580375783	0.9811320754716981
EOG092633US	True	True	0.1861326746647847	0.0026755852842809	436	345	137	135	0.9285714285714286	0.9285714285714286	False	False	0.7912844036697247	0.9854014598540146
EOG0926347K	True	True	0.1200980392156862	0.0008620689655172	408	348	130	127	0.7142857142857143	0.7142857142857143	False	False	0.8529411764705882	0.9769230769230769
EOG0926347W	True	True	0.1864108431614152	0.0028735632183908	437	348	81	80	0.9285714285714286	0.9285714285714286	False	False	0.7963386727688787	0.9876543209876543
EOG09263483	True	True	0.5643248851341337	0.006287989939216	1038	367	163	161	0.9285714285714286	0.9285714285714286	False	False	0.3535645472061657	0.9877300613496932
EOG092634B1	True	True	0.0062972292191435	0.0019891500904159	397	395	82	82	1.0	1.0	False	False	0.9949622166246851	1.0
EOG092634B5	True	True	0.0480654761904761	0.0076021539436173	480	451	156	149	1.0	1.0	False	False	0.9395833333333333	0.9551282051282052
EOG092634G9	True	True	0.1387450502589095	0.0057720057720057	469	396	220	218	1.0	1.0	False	False	0.8443496801705757	0.990909090909091
EOG092634M1	True	True	0.0831881533101045	0.0020866773675762	492	445	151	151	1.0	1.0	False	False	0.9044715447154471	1.0
EOG092634MM	False	False	0.0684931506849315	0.0	511	441	0	0	0.1428571428571428	0.1428571428571428	False	False	0.863013698630137	
EOG092634ZL	True	True	0.1159250585480093	0.015906362545018	549	476	272	263	1.0	1.0	False	False	0.8670309653916212	0.9669117647058824
EOG0926354S	True	True	0.1216750539180445	0.0012406947890818	428	372	67	67	0.9285714285714286	0.9285714285714286	False	False	0.8691588785046729	1.0
EOG0926357F	True	True	0.1616692131398013	0.0147579693034238	748	605	313	305	1.0	1.0	False	False	0.8088235294117647	0.9744408945686901
EOG092635DF	True	True	0.2574671445639188	0.0104679802955665	837	580	293	270	1.0	1.0	False	False	0.6929510155316607	0.9215017064846417
EOG092635SS	False	True	0.6998184500170204	0.0685903500473036	1259	302	166	160	1.0	1.0	True	False	0.2398729150119142	0.963855421686747
EOG092635ST	True	True	0.1920600858369098	0.0124135124135124	466	351	209	182	1.0	1.0	False	False	0.7532188841201717	0.8708133971291866
EOG092635YY	True	True	0.4000212269157291	0.000595238095238	673	360	84	84	1.0	1.0	False	False	0.5349182763744428	1.0
EOG09263690	True	True	0.1677178058081548	0.024074074074074	974	810	338	334	1.0	1.0	False	False	0.8316221765913757	0.9881656804733728
EOG0926369X	True	True	0.2436158546138179	0.0154299977308826	491	339	175	150	0.9285714285714286	0.9285714285714286	False	False	0.6904276985743381	0.8571428571428571
EOG092636T6	True	True	0.0087326466636811	0.0	319	316	13	13	1.0	1.0	False	False	0.9905956112852664	1.0
EOG092636Y6	True	True	0.1769865841073271	0.0076127819548872	969	760	350	321	1.0	1.0	False	False	0.7843137254901961	0.9171428571428571
EOG09263720	True	True	0.1187836553690212	0.0146845540246555	451	394	143	143	1.0	1.0	False	False	0.8736141906873615	1.0
EOG0926374A	True	True	0.2889105058365758	0.0267098340752731	514	353	97	94	1.0	1.0	False	False	0.6867704280155642	0.9690721649484536
EOG09263760	True	True	0.5126219162363741	0.053704360155973	996	403	240	229	1.0	1.0	False	False	0.4046184738955823	0.9541666666666667
EOG09263817	False	True	0.6230302247481271	0.0415543575920934	1106	318	181	149	1.0	1.0	True	False	0.2875226039783002	0.8232044198895028
EOG0926384F	False	True	0.654025127966496	0.0447058823529411	1535	425	310	289	1.0	1.0	True	False	0.2768729641693811	0.932258064516129
EOG0926386D	True	True	0.1858712715855573	0.0070937707825315	490	347	144	97	0.9285714285714286	0.9285714285714286	False	False	0.7081632653061225	0.6736111111111112
EOG0926388H	True	True	0.0468158890290037	0.0008471704506946	488	454	168	154	0.9285714285714286	0.9285714285714286	False	False	0.930327868852459	0.9166666666666666
EOG092638AP	True	True	0.2410564225690276	0.0076468543621828	595	411	260	232	1.0	1.0	False	False	0.6907563025210084	0.8923076923076924
EOG092638CT	True	True	0.4035056967572305	0.0351648351648351	815	325	127	126	0.5	0.5	False	False	0.3987730061349693	0.9921259842519685
EOG092638EN	True	True	0.5302149178255373	0.3575829383886256	1582	844	422	317	0.7142857142857143	0.7142857142857143	False	False	0.5335018963337548	0.7511848341232228
EOG092638RC	True	True	0.0052549630206305	0.0003924646781789	367	364	52	51	1.0	1.0	False	False	0.9918256130790191	0.9807692307692307
EOG092638XA	True	True	0.3471270426989984	0.0008764241893076	542	326	78	78	1.0	1.0	False	False	0.6014760147601476	1.0
EOG0926390Q	False	True	0.6607846289894687	0.0254403131115459	1777	438	169	155	1.0	1.0	True	False	0.24648283624085537	0.9171597633136095
EOG092639H5	True	True	0.2058226134055518	0.1207723372034326	633	566	182	184	1.0	1.0	False	False	0.8941548183254344	1.010989010989011
EOG09263A3Y	True	True	0.2887987012987013	0.0204256360078277	880	584	343	311	1.0	1.0	False	False	0.6636363636363637	0.9067055393586005
EOG09263A5D	True	True	0.0328433624253559	0.0002380952380952	311	300	57	57	1.0	1.0	False	False	0.9646302250803859	1.0
EOG09263A64	True	True	0.2763245400133008	0.0249008723235527	694	485	230	227	0.9285714285714286	0.9285714285714286	False	False	0.6988472622478387	0.9869565217391304
EOG09263AZP	True	True	0.3661490683229814	0.0204845030281439	690	401	238	233	1.0	1.0	False	False	0.5811594202898551	0.9789915966386554
EOG09263B7X	True	True	0.1685992578849721	0.0496482683982684	616	528	224	222	1.0	1.0	False	False	0.8571428571428571	0.9910714285714286
EOG09263BDA	True	True	0.1000334560053529	0.0044401544401544	427	370	123	110	1.0	1.0	False	False	0.8665105386416861	0.8943089430894309
EOG09263BE5	True	True	0.2337036260741982	0.006914433880726	367	267	122	115	0.9285714285714286	0.9285714285714286	False	False	0.7275204359673024	0.9426229508196722
EOG09263BG5	True	True	0.0597069597069597	0.0043281526657485	420	391	154	153	0.9285714285714286	0.9285714285714286	False	False	0.930952380952381	0.9935064935064936
EOG09263BGW	True	True	0.1002601344027747	0.0060658578856152	659	577	219	207	1.0	1.0	False	False	0.8755690440060698	0.9452054794520548
EOG09263C1V	True	True	0.0665382335506816	0.015079365079365	482	450	200	196	1.0	1.0	False	False	0.9336099585062241	0.98
EOG09263C4C	False	True	0.7234790654637983	0.0296174413821472	1965	221	224	107	0.7857142857142857	0.7857142857142857	True	False	0.11246819338422392	0.47767857142857145
EOG09263C55	True	True	0.1487050960735171	0.0030252100840336	513	425	214	205	1.0	1.0	False	False	0.8284600389863548	0.9579439252336449
EOG09263CAC	True	True	0.4140308799280467	0.0065452475811041	953	502	254	223	1.0	1.0	False	False	0.5267576075550892	0.8779527559055118
EOG09263CAH	True	True	0.4835839598997494	0.0013397642015005	665	311	47	47	0.8571428571428571	0.8571428571428571	False	False	0.46766917293233085	1.0
EOG09263CG2	True	True	0.3001605136436597	0.0227050303386181	623	393	259	237	0.9285714285714286	0.9285714285714286	False	False	0.6308186195826645	0.915057915057915
EOG09263CG4	True	True	0.1437368050668543	0.0017006802721088	406	336	94	89	1.0	1.0	False	False	0.8275862068965517	0.9468085106382979
EOG09263CGP	True	True	0.2404718693284936	0.0392944463849109	551	409	207	187	1.0	1.0	False	False	0.7422867513611615	0.9033816425120773
EOG09263CLY	True	True	0.1223544973544973	0.0093333333333333	432	375	164	159	1.0	1.0	False	False	0.8680555555555556	0.9695121951219512
EOG09263CUQ	True	True	0.3205635195254572	0.0150241914947797	867	561	261	255	1.0	1.0	False	False	0.6470588235294118	0.9770114942528736
EOG09263CUU	True	True	0.1418902586415276	0.0018683529749928	591	497	175	172	1.0	1.0	False	False	0.8409475465313029	0.9828571428571429
EOG09263D2P	True	True	0.4226374988929235	0.0778325123152709	1613	580	577	263	1.0	1.0	False	False	0.3595784252944823	0.4558058925476603
EOG09263DFA	False	True	0.6771877337322364	0.001953125	955	256	44	43	1.0	1.0	True	False	0.2680628272251309	0.9772727272727273
EOG09263DQH	True	True	0.0080500894454382	0.0042067307692307	516	512	210	209	0.9285714285714286	0.9285714285714286	False	False	0.9922480620155039	0.9952380952380953
EOG09263E49	True	True	0.2338579499596448	0.0121487119437939	708	488	182	151	1.0	1.0	False	False	0.6892655367231638	0.8296703296703297
EOG09263E5F	True	True	0.438694568255647	0.0251771726967549	1891	766	439	400	1.0	1.0	False	False	0.405076679005817	0.9111617312072893
EOG09263E87	True	True	0.0212994836488812	0.0048203330411919	332	326	76	76	1.0	1.0	False	False	0.9819277108433735	1.0
EOG09263E9V	True	True	0.042544109277177	0.0032806441992245	502	479	165	163	1.0	1.0	False	False	0.954183266932271	0.9878787878787879
EOG09263EBB	True	True	0.5296119809394145	0.0051594746716697	791	328	156	152	0.9285714285714286	0.9285714285714286	False	False	0.41466498103666244	0.9743589743589743
EOG09263EDC	True	True	0.3111417730251811	0.0058557359595421	446	289	117	114	0.9285714285714286	0.9285714285714286	False	False	0.647982062780269	0.9743589743589743
EOG09263EQZ	True	True	0.0115350488021295	0.0	322	318	59	59	1.0	1.0	False	False	0.9875776397515528	1.0
EOG09263EVJ	True	True	0.1502262443438914	0.0051911278905143	595	489	244	241	0.9285714285714286	0.9285714285714286	False	False	0.8218487394957983	0.9877049180327869
EOG09263F11	True	True	0.2080291970802919	0.0139517345399698	548	408	249	228	0.9285714285714286	0.9285714285714286	False	False	0.7445255474452555	0.9156626506024096
EOG09263F3I	True	True	0.0642479213907785	0.0142588108689803	567	531	263	257	1.0	1.0	False	False	0.9365079365079365	0.9771863117870723
EOG09263FAK	True	True	0.168598704398227	0.0148809523809523	419	336	179	173	1.0	1.0	False	False	0.801909307875895	0.9664804469273743
EOG09263FGN	True	True	0.0892857142857142	0.02803738317757	352	321	127	119	1.0	1.0	False	False	0.9119318181818182	0.937007874015748
EOG09263FKC	True	True	0.399783044058745	0.0354942798474626	856	487	159	153	1.0	1.0	False	False	0.5689252336448598	0.9622641509433962
EOG09263FR7	True	True	0.1637630662020905	0.0057333970377448	369	299	164	160	1.0	1.0	False	False	0.8102981029810298	0.975609756097561
EOG09263FTE	True	True	0.1437567470313062	0.006570580754557	397	337	113	112	1.0	1.0	False	False	0.8488664987405542	0.9911504424778761
EOG09263G3M	True	True	0.5424063116370809	0.0168411470186618	1014	338	97	97	0.9285714285714286	0.9285714285714286	False	False	0.3333333333333333	1.0
EOG09263G4R	True	True	0.3571428571428571	0.0504311961004874	1261	381	614	193	1.0	1.0	False	False	0.3021411578112609	0.31433224755700323
EOG09263GIG	True	True	0.2460649531779239	0.0020844913841022	717	514	245	243	1.0	1.0	False	False	0.7168758716875872	0.9918367346938776
EOG09263GSR	True	True	0.341472928694024	0.0105319290761231	986	577	429	399	0.9285714285714286	0.9285714285714286	False	False	0.5851926977687627	0.9300699300699301
EOG09263GUT	True	True	0.0557217651458489	0.0094711917916337	382	362	125	124	1.0	1.0	False	False	0.9476439790575916	0.992
EOG09263H0Y	True	True	0.4244908855159789	0.0468518822949202	1873	869	626	428	1.0	1.0	False	False	0.4639615589962627	0.6837060702875399
EOG09263H5H	True	True	0.0654761904761904	0.0009865824782951	396	362	133	129	1.0	1.0	False	False	0.9141414141414141	0.9699248120300752
EOG09263HD8	True	True	0.1460094864920602	0.0007396449704142	373	312	54	52	0.9285714285714286	0.9285714285714286	False	False	0.8364611260053619	0.9629629629629629
EOG09263HE6	True	True	0.2689760570555272	0.0344702467343976	604	424	268	257	0.9285714285714286	0.9285714285714286	False	False	0.7019867549668874	0.9589552238805971
EOG09263HED	True	True	0.0278481012658227	0.0044994375703037	395	381	166	162	1.0	1.0	False	False	0.9645569620253165	0.9759036144578314
EOG09263HK2	True	True	0.1210135430318916	0.0198606271777003	981	820	597	541	1.0	1.0	False	False	0.835881753312946	0.9061976549413735
EOG09263HYJ	True	True	0.0748209574067093	0.0039110745162618	379	347	143	143	1.0	1.0	False	False	0.9155672823218998	1.0
EOG09263I4U	False	True	0.6899297423887588	0.0173692427790788	1525	366	231	202	1.0	1.0	True	False	0.24	0.8744588744588745
EOG09263I7I	True	True	0.1460794844253491	0.0229357798165137	532	436	141	127	1.0	1.0	False	False	0.8195488721804511	0.900709219858156
EOG09263IMF	True	True	0.2701328522224044	0.0188191013879087	469	327	185	176	0.9285714285714286	0.9285714285714286	False	False	0.697228144989339	0.9513513513513514
EOG09263IQ5	True	True	0.1636975455265241	0.0164251207729468	421	345	130	127	0.8571428571428571	0.8571428571428571	False	False	0.8194774346793349	0.9769230769230769
EOG09263IT0	False	True	0.7024665981500514	0.0486135486135486	1668	407	232	217	1.0	1.0	True	False	0.24400479616306955	0.9353448275862069
EOG09263J3H	True	True	0.0092816787732041	0.0028490028490028	354	351	85	85	1.0	1.0	False	False	0.9915254237288136	1.0
EOG09263J6Z	False	True	0.6377189093327422	0.0028265697557036	1388	381	166	141	0.9285714285714286	0.9285714285714286	True	False	0.2744956772334294	0.8493975903614458
EOG09263J7D	True	True	0.1288141470180305	0.0235434956105347	412	358	154	149	1.0	1.0	False	False	0.8689320388349514	0.9675324675324676
EOG09263JCT	True	True	0.26402774943889	0.0113905325443786	754	520	224	202	0.9285714285714286	0.9285714285714286	False	False	0.6896551724137931	0.9017857142857143
EOG09263JFQ	True	True	0.0843516632722335	0.0034324942791762	491	437	171	164	0.8571428571428571	0.8571428571428571	False	False	0.890020366598778	0.9590643274853801
EOG09263JTO	True	True	0.2188034188034188	0.0004978839930296	405	309	71	71	0.9285714285714286	0.9285714285714286	False	False	0.762962962962963	1.0
EOG09263JW5	True	True	0.2320029839612085	0.000501253132832	383	285	94	93	1.0	1.0	False	False	0.7441253263707572	0.9893617021276596
EOG09263JZO	True	True	0.0607240171272868	0.0046908315565031	367	335	108	102	1.0	1.0	False	False	0.9128065395095368	0.9444444444444444
EOG09263K05	True	True	0.5443349753694581	0.0129205265724037	725	293	123	117	1.0	1.0	False	False	0.40413793103448276	0.9512195121951219
EOG09263K45	True	True	0.0156731757451181	0.0018315018315018	278	273	60	59	1.0	1.0	False	False	0.9820143884892086	0.9833333333333333
EOG09263KB4	True	True	0.526797647687784	0.0147849462365591	1247	248	259	99	0.8571428571428571	0.8571428571428571	False	False	0.19887730553327987	0.38223938223938225
EOG09263KDI	False	True	0.7106142265377934	0.0087856306130417	1727	394	138	138	0.9285714285714286	0.9285714285714286	True	False	0.22814128546612622	1.0
EOG09263KEE	True	True	0.1748376623376623	0.0297444490992878	440	341	171	156	1.0	1.0	False	False	0.775	0.9122807017543859
EOG09263KRO	True	True	0.2027195998749609	0.0128364389233954	457	345	77	64	1.0	1.0	False	False	0.7549234135667396	0.8311688311688312
EOG09263KVG	False	True	0.699002079002079	0.0148059904697072	1850	452	233	229	0.9285714285714286	0.9285714285714286	True	False	0.24432432432432433	0.9828326180257511
EOG09263KZJ	True	True	0.1814574314574314	0.0110348941246644	594	479	198	196	1.0	1.0	False	False	0.8063973063973064	0.98989898989899
EOG09263L00	True	True	0.4639677829588808	0.0357142857142857	1011	472	248	232	1.0	1.0	False	False	0.466864490603363	0.9354838709677419
EOG09263L52	True	True	0.4035053929121726	0.0052224371373307	944	470	218	198	0.7857142857142857	0.7857142857142857	False	False	0.4978813559322034	0.908256880733945
EOG09263L7Y	True	True	0.330367163700497	0.0050479555779909	891	566	274	273	1.0	1.0	False	False	0.6352413019079686	0.9963503649635036
EOG09263L9T	True	True	0.3749610713173466	0.000263435194942	494	292	128	128	0.9285714285714286	0.9285714285714286	False	False	0.5910931174089069	1.0
EOG09263LNF	True	True	0.051418439716312	0.0091299677765843	564	532	214	210	1.0	1.0	False	False	0.9432624113475178	0.9813084112149533
EOG09263LP3	True	True	0.1904943691544187	0.0043678718757583	403	317	101	101	0.9285714285714286	0.9285714285714286	False	False	0.7866004962779156	1.0
EOG09263LR1	True	True	0.0209557883976488	0.0007876082961407	301	293	61	61	0.9285714285714286	0.9285714285714286	False	False	0.973421926910299	1.0
EOG09263M8W	True	True	0.2925223214285714	0.0563097809318111	640	463	254	253	1.0	1.0	False	False	0.7234375	0.9960629921259843
EOG09263MEM	True	True	0.2390806790005722	0.0555977710233029	749	564	82	68	1.0	1.0	False	False	0.753004005340454	0.8292682926829268
EOG09263MGE	True	True	0.131435493640218	0.0035722791140747	381	323	107	105	0.9285714285714286	0.9285714285714286	False	False	0.847769028871391	0.9813084112149533
EOG09263MIB	True	True	0.0937749401436552	0.0011520737327188	358	310	91	86	1.0	1.0	False	False	0.8659217877094972	0.945054945054945
EOG09263MNN	True	True	0.5358168802152204	0.0485714285714285	1687	700	441	436	0.9285714285714286	0.9285714285714286	False	False	0.4149377593360996	0.9886621315192744
EOG09263MR4	True	True	0.47005291005291	0.0055096418732782	525	242	55	54	0.6428571428571429	0.6428571428571429	False	False	0.46095238095238095	0.9818181818181818
EOG09263NE7	True	True	0.1069971286081305	0.0110642781875658	509	438	189	178	0.9285714285714286	0.9285714285714286	False	False	0.8605108055009824	0.9417989417989417
EOG09263NXM	True	True	0.5408735968765251	0.050553613053613	1366	572	226	226	0.8571428571428571	0.8571428571428571	False	False	0.41874084919472915	1.0
EOG09263OAE	True	True	0.1283685888148363	0.007465218866644	493	421	119	117	1.0	1.0	False	False	0.8539553752535497	0.9831932773109243
EOG09263OCO	True	True	0.0089000456412596	0.0	313	310	71	71	1.0	1.0	False	False	0.9904153354632588	1.0
EOG09263OD3	True	True	0.1171901384667342	0.0295698924731182	423	372	159	149	1.0	1.0	False	False	0.8794326241134752	0.9371069182389937
EOG09263OQH	True	True	0.0182539682539682	0.0018211250505868	360	353	62	62	1.0	1.0	False	False	0.9805555555555555	1.0
EOG09263OWL	True	True	0.150735294117647	0.0048605240912933	408	338	134	131	1.0	1.0	False	False	0.8284313725490197	0.9776119402985075
EOG09263OXI	True	True	0.2794759825327511	0.0223958333333333	458	320	114	112	0.8571428571428571	0.8571428571428571	False	False	0.6986899563318777	0.9824561403508771
EOG09263OZR	True	True	0.1001416584940612	0.0112359550561797	1311	1157	626	598	1.0	1.0	False	False	0.8825324180015256	0.9552715654952076
EOG09263P17	True	True	0.3875173370319001	0.0557432432432432	515	296	174	165	1.0	1.0	False	False	0.574757281553398	0.9482758620689655
EOG09263POH	True	True	0.0515463917525773	0.0027548209366391	388	363	161	159	1.0	1.0	False	False	0.9355670103092784	0.9875776397515528
EOG09263PWF	True	True	0.1426507018992568	0.0024801587301587	346	288	158	156	1.0	1.0	False	False	0.8323699421965318	0.9873417721518988
EOG09263PXH	True	True	0.5165699307245835	0.0195993031358885	763	328	129	124	1.0	1.0	False	False	0.42988204456094364	0.9612403100775194
EOG09263Q7N	True	True	0.1561135371179039	0.0309653916211293	458	366	189	163	0.8571428571428571	0.8571428571428571	False	False	0.7991266375545851	0.8624338624338624
EOG09263Q8J	True	True	0.0936121235373105	0.0145299145299145	401	360	56	52	0.9285714285714286	0.9285714285714286	False	False	0.8977556109725686	0.9285714285714286
EOG09263QB7	True	True	0.0862771739130434	0.0007552870090634	368	331	37	37	0.8571428571428571	0.8571428571428571	False	False	0.8994565217391305	1.0
EOG09263QH4	True	True	0.3603603603603603	0.0123392422662495	666	411	143	142	1.0	1.0	False	False	0.6171171171171171	0.993006993006993
EOG09263QPR	True	True	0.1576602471974705	0.0050646175340551	497	409	171	168	1.0	1.0	False	False	0.8229376257545271	0.9824561403508771
EOG09263QUM	True	True	0.0572382542332458	0.0048125633232016	599	564	122	121	1.0	1.0	False	False	0.9415692821368948	0.9918032786885246
EOG09263R4M	True	True	0.1677018633540372	0.0232993197278911	506	420	206	201	1.0	1.0	False	False	0.8300395256916996	0.9757281553398058
EOG09263R62	True	True	0.0484500574052812	0.0197115384615384	335	320	157	155	0.9285714285714286	0.9285714285714286	False	False	0.9552238805970149	0.9872611464968153
EOG09263RDD	True	True	0.1790840738209159	0.0040391156462585	418	336	116	113	1.0	1.0	False	False	0.8038277511961722	0.9741379310344828
EOG09263RF8	True	True	0.1323278315310188	0.0362811791383219	1004	882	467	458	1.0	1.0	False	False	0.8784860557768924	0.9807280513918629
EOG09263ROQ	True	True	0.2070676691729323	0.0079588958291356	950	709	416	382	1.0	1.0	False	False	0.7463157894736843	0.9182692307692307
EOG09263RVR	True	True	0.5301441677588467	0.0254957507082152	1090	353	137	119	1.0	1.0	False	False	0.3238532110091743	0.8686131386861314
EOG09263RW3	True	True	0.0327165459908822	0.0047699214365881	339	324	84	81	0.7857142857142857	0.7857142857142857	False	False	0.9557522123893806	0.9642857142857143
EOG09263RY2	True	True	0.1530172413793103	0.0011102886750555	232	193	61	61	1.0	1.0	False	False	0.8318965517241379	1.0
EOG09263S1E	True	True	0.0513622974963181	0.010371819960861	388	365	205	201	1.0	1.0	False	False	0.9407216494845361	0.9804878048780488
EOG09263S2P	True	True	0.2049963924963925	0.0245841487279843	792	584	418	384	1.0	1.0	False	False	0.7373737373737373	0.9186602870813397
EOG09263SFX	True	True	0.1878469179082676	0.0086173879739563	489	373	212	188	1.0	1.0	False	False	0.7627811860940695	0.8867924528301887
EOG09263SZM	True	True	0.1809250920998772	0.0033282130056323	349	279	135	133	1.0	1.0	False	False	0.7994269340974212	0.9851851851851852
EOG09263TQ5	True	True	0.1683673469387755	0.0011984659635666	364	298	77	77	1.0	1.0	False	False	0.8186813186813187	1.0
EOG09263U08	False	True	0.6196085377734479	0.0359138068635275	1613	358	371	214	1.0	1.0	True	False	0.22194668319900807	0.5768194070080862
EOG09263U71	True	True	0.1196330991412958	0.0107026523964634	366	307	186	170	1.0	1.0	False	False	0.8387978142076503	0.9139784946236559
EOG09263UAJ	True	True	0.3675351288056206	0.0205326032852165	976	574	325	305	1.0	1.0	False	False	0.5881147540983607	0.9384615384615385
EOG09263UCR	True	True	0.4782832441333882	0.025140977443609	694	304	175	160	1.0	1.0	False	False	0.43804034582132567	0.9142857142857143
EOG09263ULA	True	True	0.0772860397006182	0.0044310528181495	439	403	92	91	1.0	1.0	False	False	0.9179954441913439	0.9891304347826086
EOG09263UN3	True	True	0.2755705832628909	0.040473372781065	455	325	207	204	0.9285714285714286	0.9285714285714286	False	False	0.7142857142857143	0.9855072463768116
EOG09263UQF	True	True	0.2030005310674455	0.0058057705840957	538	406	171	156	1.0	1.0	False	False	0.7546468401486989	0.9122807017543859
EOG09263UWJ	True	True	0.1500564652738565	0.0103249830737982	506	422	148	146	1.0	1.0	False	False	0.83399209486166	0.9864864864864865
EOG09263V60	True	True	0.1666666666666666	0.0343580470162748	372	316	132	131	1.0	1.0	False	False	0.8494623655913979	0.9924242424242424
EOG09263VOP	False	True	0.6352339181286549	0.016320474777448	1140	337	209	202	0.8571428571428571	0.8571428571428571	True	False	0.2956140350877193	0.9665071770334929
EOG09263W48	True	True	0.4162274618585298	0.0184590690208667	515	267	171	154	1.0	1.0	False	False	0.5184466019417475	0.9005847953216374
EOG09263W7L	False	True	0.7779901258162127	0.02252892226507	2415	379	154	149	0.9285714285714286	0.9285714285714286	True	False	0.15693581780538302	0.9675324675324676
EOG09263WB5	True	True	0.1561130587204207	0.0202205882352941	652	544	214	209	1.0	1.0	False	False	0.8343558282208589	0.9766355140186916
EOG09263WLB	True	True	0.1029556650246305	0.0254578754578754	435	390	132	128	1.0	1.0	False	False	0.896551724137931	0.9696969696969697
EOG09263WM5	True	True	0.2358771060455897	0.1943818536878473	1009	951	313	313	1.0	1.0	False	False	0.9425173439048563	1.0
EOG09263WSS	True	True	0.1898634453781512	0.0601996257018091	272	229	45	45	1.0	1.0	False	False	0.8419117647058824	1.0
EOG09263WWI	True	True	0.170807453416149	0.0005537098560354	322	258	91	88	1.0	1.0	False	False	0.8012422360248447	0.967032967032967
EOG09263WZ2	True	True	0.1372976904891798	0.0142610198789974	423	356	114	108	0.9285714285714286	0.9285714285714286	False	False	0.8416075650118203	0.9473684210526315
EOG09263X0V	True	True	0.1509941329856584	0.0173102529960053	944	751	412	373	0.9285714285714286	0.9285714285714286	False	False	0.7955508474576272	0.9053398058252428
EOG09263X1F	True	True	0.0209330143540669	0.0097294010337488	304	299	60	60	0.7857142857142857	0.7857142857142857	False	False	0.9835526315789473	1.0
EOG09263X22	True	True	0.1126126126126126	0.0017123287671232	333	292	101	101	0.8571428571428571	0.8571428571428571	False	False	0.8768768768768769	1.0
EOG09263X4B	True	True	0.0218253968253968	0.0068389057750759	288	282	66	65	1.0	1.0	False	False	0.9791666666666666	0.9848484848484849
EOG09263XN3	True	True	0.2805077805077805	0.0042735042735042	407	273	88	86	0.8571428571428571	0.8571428571428571	False	False	0.6707616707616708	0.9772727272727273
EOG09263XVS	True	True	0.1970443349753694	0.0096153846153846	609	468	298	282	1.0	1.0	False	False	0.7684729064039408	0.9463087248322147
EOG09263XZN	True	True	0.4832848837209302	0.0046703296703296	688	260	90	68	1.0	1.0	False	False	0.37790697674418605	0.7555555555555555
EOG09263Y3L	True	True	0.0372280780444045	0.0069930069930069	343	330	128	126	0.9285714285714286	0.9285714285714286	False	False	0.9620991253644315	0.984375
EOG09263YBT	True	True	0.2692839847803528	0.0134199134199134	826	495	428	324	1.0	1.0	False	False	0.5992736077481841	0.7570093457943925
EOG09263YFH	True	True	0.0490442655935613	0.0007995735607675	284	268	100	99	1.0	1.0	False	False	0.9436619718309859	0.99
EOG09263YFX	True	True	0.1788168258756494	0.018087318087318	459	370	157	151	0.9285714285714286	0.9285714285714286	False	False	0.8061002178649237	0.9617834394904459
EOG09263YUI	True	True	0.1269409937888198	0.0255885363357216	1104	977	575	574	1.0	1.0	False	False	0.884963768115942	0.9982608695652174
EOG09263Z41	True	True	0.3570586501620984	0.0053217223028543	522	318	131	131	0.9285714285714286	0.9285714285714286	False	False	0.6091954022988506	1.0
EOG09263Z8I	True	True	0.0460448642266824	0.0075187969924812	242	228	53	53	0.5	0.5	False	False	0.9421487603305785	1.0
EOG09263ZBF	True	True	0.1650392950702548	0.0014736221632773	323	261	54	54	0.9285714285714286	0.9285714285714286	False	False	0.8080495356037152	1.0
EOG09263ZBJ	True	True	0.3676573426573427	0.0702702702702702	440	185	178	98	0.9285714285714286	0.9285714285714286	False	False	0.42045454545454547	0.550561797752809
EOG09263ZSC	True	True	0.1942633637548891	0.020292590844738	413	326	159	158	0.9285714285714286	0.9285714285714286	False	False	0.7893462469733656	0.9937106918238994
EOG09263ZW6	True	True	0.1626373626373626	0.0241854215653342	280	229	81	77	0.9285714285714286	0.9285714285714286	False	False	0.8178571428571428	0.9506172839506173
EOG0926400M	True	True	0.2013743080740599	0.0007444168734491	403	310	93	91	0.9285714285714286	0.9285714285714286	False	False	0.7692307692307693	0.978494623655914
EOG0926407T	True	True	0.125	0.0042989417989417	296	252	92	89	0.8571428571428571	0.8571428571428571	False	False	0.8513513513513513	0.967391304347826
EOG092640BS	True	True	0.3735758106923751	0.0058270676691729	652	380	161	155	1.0	1.0	False	False	0.5828220858895705	0.9627329192546584
EOG092640ET	True	True	0.024390243902439	0.0012321774335504	451	437	128	126	0.9285714285714286	0.9285714285714286	False	False	0.9689578713968958	0.984375
EOG092640IZ	True	True	0.0358470525756771	0.0016547159404302	269	259	97	97	1.0	1.0	False	False	0.9628252788104089	1.0
EOG092640PR	True	True	0.2629642020742723	0.0242713807931199	2135	1495	824	768	1.0	1.0	False	False	0.7002341920374707	0.9320388349514563
EOG092640WA	False	True	0.7310668877833056	0.0544294294294294	1608	296	116	115	0.6428571428571429	0.6428571428571429	True	False	0.18407960199004975	0.9913793103448276
EOG092640ZF	True	True	0.1991596638655462	0.0025	255	200	35	35	1.0	1.0	False	False	0.7843137254901961	1.0
EOG0926419M	True	True	0.0826161790017211	0.0019175455417066	332	298	79	73	1.0	1.0	False	False	0.8975903614457831	0.9240506329113924
EOG092641A6	True	True	0.069429298436932	0.0084846093133385	393	362	160	157	1.0	1.0	False	False	0.9211195928753181	0.98125
EOG092641G3	True	True	0.119605219136835	0.0145538108004595	427	373	113	113	1.0	1.0	False	False	0.8735362997658079	1.0
EOG092641K1	True	True	0.0821596244131455	0.0062916358253145	213	193	76	73	1.0	1.0	False	False	0.9061032863849765	0.9605263157894737
EOG092641M3	True	True	0.0386904761904761	0.0	288	276	46	46	1.0	1.0	False	False	0.9583333333333334	1.0
EOG092641UM	True	True	0.2773410799726589	0.0118635689569945	418	289	127	120	1.0	1.0	False	False	0.6913875598086124	0.9448818897637795
EOG0926420U	True	True	0.0975780975780975	0.0023677979479084	407	362	160	158	1.0	1.0	False	False	0.8894348894348895	0.9875
EOG0926423H	True	True	0.1241970021413276	0.0099383820314052	467	387	209	195	0.9285714285714286	0.9285714285714286	False	False	0.828693790149893	0.9330143540669856
EOG0926425H	True	True	0.0871794871794871	0.0007654037504783	225	201	84	79	0.9285714285714286	0.9285714285714286	False	False	0.8933333333333333	0.9404761904761905
EOG09264272	True	True	0.0240998838559814	0.0008965929468021	246	239	74	74	1.0	1.0	False	False	0.9715447154471545	1.0
EOG092642CB	True	True	0.1137489677952105	0.0002357378595002	346	303	119	119	1.0	1.0	False	False	0.8757225433526011	1.0
EOG092642I5	True	True	0.4438325991189427	0.0003020235578375	908	473	207	206	1.0	1.0	False	False	0.5209251101321586	0.9951690821256038
EOG092642UD	True	True	0.1257861635220125	0.0042643923240938	477	402	213	203	1.0	1.0	False	False	0.8427672955974843	0.9530516431924883
EOG0926431P	True	True	0.0333333333333333	0.0005515719801434	270	259	68	66	1.0	1.0	False	False	0.9592592592592593	0.9705882352941176
EOG09264331	True	True	0.3712430426716141	0.0596480763495377	770	479	245	245	1.0	1.0	False	False	0.6220779220779221	1.0
EOG0926436T	True	True	0.0304014167650531	0.0	242	234	79	79	1.0	1.0	False	False	0.9669421487603306	1.0
EOG09264398	True	True	0.0500373412994772	0.0	309	292	135	135	0.9285714285714286	0.9285714285714286	False	False	0.9449838187702265	1.0
EOG092643IE	True	True	0.0797455968688845	0.0057034220532319	292	263	113	106	1.0	1.0	False	False	0.9006849315068494	0.9380530973451328
EOG092643JW	False	True	0.709841628959276	0.0102993241068554	1768	239	197	109	0.9285714285714286	0.9285714285714286	True	False	0.1351809954751131	0.5532994923857868
EOG092643NE	True	True	0.4366732804232804	0.0146862483311081	432	214	160	142	1.0	1.0	False	False	0.49537037037037035	0.8875
EOG092643QM	True	True	0.1820652173913043	0.017	322	250	91	90	0.5714285714285714	0.5714285714285714	False	False	0.7763975155279503	0.989010989010989
EOG092643QW	True	True	0.1737891737891738	0.0136191677175283	378	305	88	84	0.9285714285714286	0.9285714285714286	False	False	0.8068783068783069	0.9545454545454546
EOG092643S6	False	True	0.7192177900839318	0.0294719607040523	1651	349	209	197	1.0	1.0	True	False	0.2113870381586917	0.9425837320574163
EOG092643VB	True	True	0.206187707641196	0.0413113006396588	344	268	97	88	1.0	1.0	False	False	0.7790697674418605	0.9072164948453608
EOG092643Y5	True	True	0.2414712153518123	0.0044798407167745	402	287	141	133	1.0	1.0	False	False	0.7139303482587065	0.9432624113475178
EOG09264441	True	True	0.0692041522491349	0.0051020408163265	289	266	73	70	1.0	1.0	False	False	0.9204152249134948	0.958904109589041
EOG0926448Q	False	True	0.6463162557212461	0.00431344356578	1042	214	112	105	0.9285714285714286	0.9285714285714286	True	False	0.2053742802303263	0.9375
EOG092644DY	True	True	0.4837828610447252	0.1348588120740019	2929	790	1007	530	0.9285714285714286	0.9285714285714286	False	False	0.2697166268350973	0.5263157894736842
EOG092644K0	True	True	0.2254658385093167	0.0047248471372984	345	257	118	116	1.0	1.0	False	False	0.744927536231884	0.9830508474576272
EOG092644N1	True	True	0.1829453441295546	0.0080128205128205	304	240	111	108	0.9285714285714286	0.9285714285714286	False	False	0.7894736842105263	0.972972972972973
EOG092644O2	False	True	0.6930883864337102	0.0002903600464576	1112	246	29	29	1.0	1.0	True	False	0.22122302158273383	1.0
EOG092644TW	True	True	0.0339147286821705	0.0206692913385826	258	254	70	70	0.8571428571428571	0.8571428571428571	False	False	0.9844961240310077	1.0
EOG092644WX	True	True	0.1938502673796791	0.0048923679060665	374	292	69	68	1.0	1.0	False	False	0.7807486631016043	0.9855072463768116
EOG092644X6	True	True	0.1567805491511213	0.0382085020242915	367	304	79	72	0.9285714285714286	0.9285714285714286	False	False	0.8283378746594006	0.9113924050632911
EOG092644Z6	True	True	0.015234375	0.0027777777777777	256	252	60	60	0.7142857142857143	0.7142857142857143	False	False	0.984375	1.0
EOG092644ZU	True	True	0.0312124849939975	0.0037267080745341	238	230	85	85	1.0	1.0	False	False	0.9663865546218487	1.0
EOG0926457R	False	True	0.6443294447855451	0.0011611030478955	877	265	58	58	0.9285714285714286	0.9285714285714286	True	False	0.30216647662485746	1.0
EOG0926458I	True	True	0.096938775510204	0.0002726281352235	294	262	77	77	1.0	1.0	False	False	0.891156462585034	1.0
EOG092645G0	True	True	0.0744830827067669	0.0038265306122448	304	280	26	26	1.0	1.0	False	False	0.9210526315789473	1.0
EOG092645L9	True	True	0.2365607365607365	0.166005291005291	481	432	160	160	1.0	1.0	False	False	0.8981288981288982	1.0
EOG092645LS	True	True	0.123497997329773	0.020244461420932	214	187	63	59	1.0	1.0	False	False	0.8738317757009346	0.9365079365079365
EOG092645MK	True	True	0.0749414519906323	0.0061649659863945	366	336	115	115	1.0	1.0	False	False	0.9180327868852459	1.0
EOG092645OU	True	True	0.0054325955734406	0.0006070416835289	355	353	28	28	1.0	1.0	False	False	0.9943661971830986	1.0
EOG092645QN	True	True	0.0989399293286219	0.0065616797900262	283	254	26	26	0.8571428571428571	0.8571428571428571	False	False	0.8975265017667845	1.0
EOG092645TJ	True	True	0.2522648083623693	0.0070456754130223	410	294	168	167	1.0	1.0	False	False	0.7170731707317073	0.9940476190476191
EOG092645U1	True	True	0.2263636363636363	0.0105094406840042	550	401	246	236	1.0	1.0	False	False	0.7290909090909091	0.959349593495935
EOG092646C6	False	False	0.0	0.0	1789	1789	0	0	0.0714285714285714	0.0714285714285714	False	False	1.0	
EOG092646CB	True	True	0.0622360248447204	0.0081594435527019	575	534	216	213	1.0	1.0	False	False	0.928695652173913	0.9861111111111112
EOG092646EZ	True	True	0.188235294117647	0.0225060827250608	340	274	84	82	0.8571428571428571	0.8571428571428571	False	False	0.8058823529411765	0.9761904761904762
EOG092646PE	True	True	0.3556575749392384	0.0209956709956709	529	330	157	155	1.0	1.0	False	False	0.6238185255198487	0.9872611464968153
EOG092646VF	False	True	0.7737280989412536	0.0175489909330213	1642	263	90	85	0.9285714285714286	0.9285714285714286	True	False	0.16017052375152252	0.9444444444444444
EOG092646WF	True	True	0.2630124366651313	0.0033061494379545	501	349	195	190	0.9285714285714286	0.9285714285714286	False	False	0.6966067864271457	0.9743589743589743
EOG09264719	True	True	0.1533811016569637	0.0	319	266	67	67	1.0	1.0	False	False	0.8338557993730408	1.0
EOG0926477X	True	True	0.0376068376068376	0.0041580041580041	270	259	78	76	0.9285714285714286	0.9285714285714286	False	False	0.9592592592592593	0.9743589743589743
EOG092647CM	True	True	0.324723937862624	0.0415954415954415	411	270	140	132	0.9285714285714286	0.9285714285714286	False	False	0.656934306569343	0.9428571428571428
EOG092647L7	True	True	0.1628838451268358	0.0005411255411255	321	264	23	22	1.0	1.0	False	False	0.822429906542056	0.9565217391304348
EOG09264829	True	True	0.1823886639676113	0.0830021042787	380	329	183	181	0.9285714285714286	0.9285714285714286	False	False	0.8657894736842106	0.9890710382513661
EOG0926484N	True	True	0.1938937351308485	0.0214248838409912	388	298	132	121	0.9285714285714286	0.9285714285714286	False	False	0.7680412371134021	0.9166666666666666
EOG09264873	True	True	0.1958010041077133	0.0066244239631336	313	248	90	89	1.0	1.0	False	False	0.792332268370607	0.9888888888888889
EOG09264881	True	True	0.1142213642213642	0.0156288156288156	666	585	162	157	1.0	1.0	False	False	0.8783783783783784	0.9691358024691358
EOG0926489S	False	True	0.6289168278529981	0.017800381436745	940	286	77	74	0.7857142857142857	0.7857142857142857	True	False	0.30425531914893617	0.961038961038961
EOG092648K5	True	True	0.0263835263835263	0.0029900332225913	222	215	52	52	1.0	1.0	False	False	0.9684684684684685	1.0
EOG092648LP	True	True	0.0599925009373828	0.0016051364365971	381	356	184	184	1.0	1.0	False	False	0.9343832020997376	1.0
EOG092648O6	True	True	0.3179199078075482	0.00823335685721	534	327	154	148	0.9285714285714286	0.9285714285714286	False	False	0.6123595505617978	0.961038961038961
EOG092648Q0	True	True	0.0068989306657468	0.0006961364427427	223	221	8	8	0.9285714285714286	0.9285714285714286	False	False	0.9910313901345291	1.0
EOG092648U2	False	True	0.6560484658979872	0.2288170282439623	1462	349	170	74	1.0	1.0	True	False	0.2387140902872777	0.43529411764705883
EOG092648VW	True	True	0.3002159827213823	0.0571428571428571	463	315	109	96	1.0	1.0	False	False	0.6803455723542117	0.8807339449541285
EOG092648XW	True	True	0.1865889212827988	0.0013178703215603	343	271	94	93	1.0	1.0	False	False	0.7900874635568513	0.9893617021276596
EOG09264903	True	True	0.0283116883116883	0.0042803638309256	275	267	14	14	1.0	1.0	False	False	0.9709090909090909	1.0
EOG09264904	True	True	0.0227920227920227	0.0019474196689386	243	237	88	88	0.9285714285714286	0.9285714285714286	False	False	0.9753086419753086	1.0
EOG0926499W	True	True	0.2099372683205018	0.0433255269320843	1002	793	423	410	1.0	1.0	False	False	0.7914171656686627	0.9692671394799054
EOG092649QJ	True	True	0.1899641577060931	0.0088095238095238	465	350	229	213	0.8571428571428571	0.8571428571428571	False	False	0.7526881720430108	0.9301310043668122
EOG092649VA	True	True	0.0986813186813186	0.006516290726817	325	285	147	145	1.0	1.0	False	False	0.8769230769230769	0.9863945578231292
EOG092649VG	True	True	0.0425785913251094	0.017396643471142	359	349	94	94	1.0	1.0	False	False	0.9721448467966574	1.0
EOG092649XV	True	True	0.138357117995127	0.0422479075328816	442	386	199	196	0.9285714285714286	0.9285714285714286	False	False	0.8733031674208145	0.9849246231155779
EOG09264A2D	True	True	0.4618093174431202	0.0236891136545115	568	289	125	123	0.9285714285714286	0.9285714285714286	False	False	0.5088028169014085	0.984
EOG09264A8D	True	True	0.0956521739130434	0.0321722302854378	345	318	133	133	0.9285714285714286	0.9285714285714286	False	False	0.9217391304347826	1.0
EOG09264ABT	True	True	0.1179717143842704	0.0020242914979757	223	190	86	86	0.9285714285714286	0.9285714285714286	False	False	0.852017937219731	1.0
EOG09264AWW	True	True	0.5233895705521472	0.0053418803418803	652	234	163	136	0.8571428571428571	0.8571428571428571	False	False	0.3588957055214724	0.8343558282208589
EOG09264B2P	True	True	0.1250919793966151	0.0078857630008525	453	391	162	161	0.8571428571428571	0.8571428571428571	False	False	0.8631346578366446	0.9938271604938271
EOG09264B2X	True	True	0.1877277085330776	0.0218855218855218	745	594	178	168	1.0	1.0	False	False	0.7973154362416107	0.9438202247191011
EOG09264B3O	True	True	0.4309298590041049	0.0153142052455553	862	437	192	186	0.9285714285714286	0.9285714285714286	False	False	0.5069605568445475	0.96875
EOG09264B74	False	True	0.6936478155990351	0.018008903278025	1599	353	271	224	1.0	1.0	True	False	0.22076297686053784	0.8265682656826568
EOG09264BIX	True	True	0.2089008248609246	0.0093316519546027	401	305	147	140	0.9285714285714286	0.9285714285714286	False	False	0.7605985037406484	0.9523809523809523
EOG09264BJC	True	True	0.0930563460443938	0.0113278791692888	251	227	51	50	1.0	1.0	False	False	0.9043824701195219	0.9803921568627451
EOG09264BOA	True	True	0.1109607577807848	0.0118296529968454	739	634	381	356	1.0	1.0	False	False	0.857916102841678	0.9343832020997376
EOG09264BWL	True	True	0.2322551662174303	0.0272838749233599	318	233	149	138	1.0	1.0	False	False	0.7327044025157232	0.9261744966442953
EOG09264C3N	False	True	0.6936671575846833	0.0117710005350454	1067	267	123	117	1.0	1.0	True	False	0.25023430178069356	0.9512195121951219
EOG09264C3V	True	True	0.3520278833967047	0.0341701534170153	789	478	267	255	0.8571428571428571	0.8571428571428571	False	False	0.605830164765526	0.9550561797752809
EOG09264CA0	True	True	0.1015406162464986	0.0122145512480084	306	269	162	156	1.0	1.0	False	False	0.8790849673202614	0.9629629629629629
EOG09264CH7	True	True	0.3217523809523809	0.0720843808066455	1875	1307	731	723	1.0	1.0	False	False	0.6970666666666666	0.9890560875512996
EOG09264CND	False	True	0.6426234615983798	0.0243055555555555	917	288	154	154	1.0	1.0	True	False	0.31406761177753545	1.0
EOG09264COX	True	True	0.0976858032932799	0.0077422577422577	321	286	79	78	1.0	1.0	False	False	0.8909657320872274	0.9873417721518988
EOG09264CP4	True	True	0.1346078813889972	0.0063956144358154	233	199	42	42	0.7857142857142857	0.7857142857142857	False	False	0.8540772532188842	1.0
EOG09264CP8	True	True	0.0818181818181818	0.0132890365448504	330	301	101	101	0.9285714285714286	0.9285714285714286	False	False	0.9121212121212121	1.0
EOG09264CST	True	True	0.184453781512605	0.0165505226480836	510	410	146	138	1.0	1.0	False	False	0.803921568627451	0.9452054794520548
EOG09264D7Y	True	True	0.1359724612736661	0.0023291925465838	332	276	54	52	1.0	1.0	False	False	0.8313253012048193	0.9629629629629629
EOG09264DIM	False	True	0.7137423016543896	0.0124481327800829	1183	241	96	94	1.0	1.0	True	False	0.2037193575655114	0.9791666666666666
EOG09264DJ8	True	True	0.1066350710900474	0.0128898128898128	422	370	121	115	0.9285714285714286	0.9285714285714286	False	False	0.8767772511848341	0.9504132231404959
EOG09264DMU	True	True	0.4906476828587381	0.0133333333333333	597	175	182	103	0.8571428571428571	0.8571428571428571	False	False	0.2931323283082077	0.5659340659340659
EOG09264DOU	True	True	0.1728062294100029	0.0087619047619047	477	375	184	168	1.0	1.0	False	False	0.7861635220125787	0.9130434782608695
EOG09264DT4	True	True	0.2929941760877013	0.0155821490900024	834	573	151	146	1.0	1.0	False	False	0.6870503597122302	0.9668874172185431
EOG09264DY4	True	True	0.3553649275769934	0.0255583126550868	547	310	177	166	0.9285714285714286	0.9285714285714286	False	False	0.56672760511883	0.9378531073446328
EOG09264DYD	True	True	0.1502695417789757	0.0047460844803037	742	602	208	192	1.0	1.0	False	False	0.8113207547169812	0.9230769230769231
EOG09264E5J	True	True	0.321813779440898	0.0087281795511221	649	401	175	162	1.0	1.0	False	False	0.6178736517719569	0.9257142857142857
EOG09264E6Z	False	True	0.7458874458874459	0.0126929674099485	1890	265	156	147	0.7857142857142857	0.7857142857142857	True	False	0.1402116402116402	0.9423076923076923
EOG09264EGS	False	True	0.7068225891755303	0.0594239883339409	1309	211	191	94	0.9285714285714286	0.9285714285714286	True	False	0.16119174942704353	0.49214659685863876
EOG09264ENO	False	True	0.7329115185332802	0.0305084745762711	1544	295	170	154	0.9285714285714286	0.9285714285714286	True	False	0.19106217616580312	0.9058823529411765
EOG09264F1U	True	True	0.1170761298149833	0.0056717476072314	471	403	166	157	1.0	1.0	False	False	0.8556263269639066	0.9457831325301205
EOG09264F60	True	True	0.2829564258135686	0.0007936507936507	259	180	42	42	1.0	1.0	False	False	0.694980694980695	1.0
EOG09264FOM	True	True	0.0110294117647058	0.0016583747927031	204	201	51	49	0.8571428571428571	0.8571428571428571	False	False	0.9852941176470589	0.9607843137254902
EOG09264FVQ	True	True	0.0848393574297188	0.0066445182724252	332	301	93	93	0.8571428571428571	0.8571428571428571	False	False	0.9066265060240963	1.0
EOG09264FWI	True	True	0.0696929238985313	0.0027584204413472	535	492	249	245	1.0	1.0	False	False	0.9196261682242991	0.9839357429718876
EOG09264FXB	True	True	0.4188819875776397	0.0196744627054361	1725	904	417	400	1.0	1.0	False	False	0.5240579710144928	0.9592326139088729
EOG09264FYY	True	True	0.102336928608115	0.018920916481892	708	615	265	253	0.7857142857142857	0.7857142857142857	False	False	0.8686440677966102	0.9547169811320755
EOG09264G04	True	True	0.4131773399014778	0.0007980845969672	348	179	32	25	1.0	1.0	False	False	0.514367816091954	0.78125
EOG09264G0H	True	True	0.0480984340044742	0.0059523809523809	298	280	127	124	0.8571428571428571	0.8571428571428571	False	False	0.9395973154362416	0.9763779527559056
EOG09264G1F	True	True	0.3492772108843537	0.0182142857142857	672	400	142	127	1.0	1.0	False	False	0.5952380952380952	0.8943661971830986
EOG09264G1I	True	True	0.279905808477237	0.0002289377289377	455	312	79	75	1.0	1.0	False	False	0.6857142857142857	0.9493670886075949
EOG09264G4X	False	False	0.6401806730708061	0.6118337339177152	1429	1286	14	14	0.7857142857142857	0.7857142857142857	False	False	0.8999300209937019	1.0
EOG09264G7L	True	True	0.0945633314054366	0.0046296296296296	247	216	127	124	1.0	1.0	False	False	0.8744939271255061	0.9763779527559056
EOG09264GMT	True	True	0.3308270676691729	0.0552599263200982	513	349	132	132	1.0	1.0	False	False	0.6803118908382066	1.0
EOG09264GQZ	True	True	0.3287644787644788	0.0045984058859595	370	233	86	79	1.0	1.0	False	False	0.6297297297297297	0.9186046511627907
EOG09264HHW	True	True	0.2457264957264957	0.0	288	211	22	22	0.9285714285714286	0.9285714285714286	False	False	0.7326388888888888	1.0
EOG09264HN5	True	True	0.2468085106382978	0.043979057591623	329	191	149	106	0.7142857142857143	0.7142857142857143	False	False	0.5805471124620061	0.7114093959731543
EOG09264HOY	True	True	0.0660809778456837	0.0092032967032967	561	520	224	219	1.0	1.0	False	False	0.9269162210338681	0.9776785714285714
EOG09264HTG	True	True	0.0542825968357883	0.0026223776223776	282	264	27	26	0.9285714285714286	0.9285714285714286	False	False	0.9361702127659575	0.9629629629629629
EOG09264HU0	True	True	0.5660643704121965	0.0259910246821241	1012	382	223	197	1.0	1.0	False	False	0.3774703557312253	0.8834080717488789
EOG09264HX6	False	True	0.7695862068965518	0.0828220858895705	1450	163	125	87	0.7142857142857143	0.7142857142857143	True	False	0.11241379310344828	0.696
EOG09264I14	True	True	0.143818065342729	0.0068027210884353	223	189	47	46	1.0	1.0	False	False	0.8475336322869955	0.9787234042553191
EOG09264I6B	True	True	0.1480793060718711	0.0346907993966817	269	221	126	117	0.8571428571428571	0.8571428571428571	False	False	0.8215613382899628	0.9285714285714286
EOG09264I9J	True	True	0.19449081803005	0.0176683781334944	599	473	176	168	1.0	1.0	False	False	0.7896494156928213	0.9545454545454546
EOG09264IDN	True	True	0.3836648583484026	0.0158730158730158	474	234	158	118	1.0	1.0	False	False	0.4936708860759494	0.7468354430379747
EOG09264IG5	True	True	0.4278745644599303	0.0	410	215	59	59	1.0	1.0	False	False	0.524390243902439	1.0
EOG09264IIZ	True	True	0.1889312977099236	0.0072516316171138	262	197	80	74	1.0	1.0	False	False	0.7519083969465649	0.925
EOG09264IKZ	True	True	0.2975073706781024	0.013949780789159	287	193	138	135	0.9285714285714286	0.9285714285714286	False	False	0.6724738675958188	0.9782608695652174
EOG09264IMV	True	True	0.0584045584045584	0.0057540884312537	270	254	27	27	0.9285714285714286	0.9285714285714286	False	False	0.9407407407407408	1.0
EOG09264IOS	True	True	0.0354308390022675	0.0041322314049586	252	242	53	53	1.0	1.0	False	False	0.9603174603174603	1.0
EOG09264IPL	True	True	0.1370221327967807	0.0099667774086378	355	301	172	169	1.0	1.0	False	False	0.847887323943662	0.9825581395348837
EOG09264IQ7	True	True	0.1122448979591836	0.0198412698412698	609	504	350	305	1.0	1.0	False	False	0.8275862068965517	0.8714285714285714
EOG09264IV9	True	True	0.358703481392557	0.0067811934900542	595	316	179	146	1.0	1.0	False	False	0.5310924369747899	0.8156424581005587
EOG09264J8E	True	True	0.2779552715654952	0.1428571428571428	313	253	153	151	1.0	1.0	False	False	0.8083067092651757	0.9869281045751634
EOG09264JHE	True	True	0.0196929238985313	0.0027341079972658	214	209	27	27	1.0	1.0	False	False	0.9766355140186916	1.0
EOG09264JK1	True	True	0.4067023285084959	0.1171835282155566	454	281	107	107	1.0	1.0	False	False	0.6189427312775331	1.0
EOG09264JQ1	True	True	0.1758912989279481	0.0105140186915887	573	428	209	176	1.0	1.0	False	False	0.7469458987783595	0.8421052631578947
EOG09264JW6	False	True	0.7314995899312347	0.0072463768115942	1441	276	88	83	0.7857142857142857	0.7857142857142857	True	False	0.19153365718251214	0.9431818181818182
EOG09264K2W	True	True	0.1385611843627111	0.0417761429322122	393	346	142	141	0.7857142857142857	0.7857142857142857	False	False	0.8804071246819338	0.9929577464788732
EOG09264KDO	True	True	0.0306560392397302	0.0104761904761904	233	225	83	80	1.0	1.0	False	False	0.9656652360515021	0.963855421686747
EOG09264KIV	True	True	0.3234476367006487	0.0251598267684058	581	373	227	214	0.9285714285714286	0.9285714285714286	False	False	0.6419965576592083	0.9427312775330396
EOG09264KK7	True	True	0.1625903279599777	0.001082251082251	257	198	79	70	1.0	1.0	False	False	0.7704280155642024	0.8860759493670886
EOG09264KO7	True	True	0.1373069498069498	0.0066244239631336	296	248	111	106	1.0	1.0	False	False	0.8378378378378378	0.954954954954955
EOG09264KSI	True	True	0.0553571428571428	0.0068389057750759	200	188	77	77	1.0	1.0	False	False	0.94	1.0
EOG09264KTU	False	False	0.452058657642414	0.0161691542288557	591	268	42	42	0.4285714285714285	0.4285714285714285	False	False	0.45346869712351945	1.0
EOG09264L06	True	True	0.2164872798434442	0.0305223410950283	292	227	124	121	1.0	1.0	False	False	0.7773972602739726	0.9758064516129032
EOG09264L0C	True	True	0.5218393593787916	0.3510292524377031	634	426	50	50	0.9285714285714286	0.9285714285714286	False	False	0.6719242902208202	1.0
EOG09264L3W	True	True	0.1619047619047619	0.0252232142857142	390	320	106	104	1.0	1.0	False	False	0.8205128205128205	0.9811320754716981
EOG09264L6D	True	True	0.3796934014663408	0.0514285714285714	643	400	192	192	1.0	1.0	False	False	0.6220839813374806	1.0
EOG09264LBC	True	True	0.0367597004765146	0.0	226	217	29	29	0.9285714285714286	0.9285714285714286	False	False	0.9601769911504425	1.0
EOG09264LC7	True	True	0.3864661654135338	0.033001808318264	570	316	205	175	1.0	1.0	False	False	0.5543859649122806	0.8536585365853658
EOG09264LH2	True	True	0.329884290164664	0.0204819277108433	642	415	227	224	1.0	1.0	False	False	0.6464174454828661	0.986784140969163
EOG09264LJU	True	True	0.1972920696324951	0.1457069901053303	517	482	236	235	0.9285714285714286	0.9285714285714286	False	False	0.9323017408123792	0.9957627118644068
EOG09264LKR	True	True	0.4648607206746741	0.3231373889268626	559	418	49	49	1.0	1.0	False	False	0.7477638640429338	1.0
EOG09264MGU	True	True	0.3315068493150685	0.0052910052910052	730	459	202	190	1.0	1.0	False	False	0.6287671232876713	0.9405940594059405
EOG09264MIL	True	True	0.0296442687747035	0.0046838407494145	253	244	69	67	1.0	1.0	False	False	0.9644268774703557	0.9710144927536232
EOG09264MN3	True	True	0.1337962962962963	0.0011185682326621	180	149	61	57	0.8571428571428571	0.8571428571428571	False	False	0.8277777777777777	0.9344262295081968
EOG09264MZ1	True	True	0.2832494608195542	0.0162569389373513	321	194	113	81	0.9285714285714286	0.9285714285714286	False	False	0.6043613707165109	0.7168141592920354
EOG09264NC7	True	True	0.0381152460984393	0.0037926675094816	238	226	85	82	1.0	1.0	False	False	0.9495798319327731	0.9647058823529412
EOG09264NDD	True	True	0.150319829424307	0.0056967572304995	603	489	204	190	1.0	1.0	False	False	0.8109452736318408	0.9313725490196079
EOG09264NEF	True	True	0.2946873270614278	0.0733908948194662	278	196	64	62	0.9285714285714286	0.9285714285714286	False	False	0.7050359712230215	0.96875
EOG09264NJ1	True	True	0.255808724329186	0.1514396456256921	953	774	444	417	1.0	1.0	False	False	0.8121720881427072	0.9391891891891891
EOG09264NNY	True	True	0.2916749060707929	0.000603318250377	389	255	111	105	0.9285714285714286	0.9285714285714286	False	False	0.6555269922879178	0.9459459459459459
EOG09264O2D	True	True	0.0225752508361204	0.0064102564102564	184	180	63	63	0.9285714285714286	0.9285714285714286	False	False	0.9782608695652174	1.0
EOG09264O3B	True	True	0.2522959183673469	0.0010768126346015	280	199	81	74	1.0	1.0	False	False	0.7107142857142857	0.9135802469135802
EOG09264O6J	True	True	0.3419102511321532	0.0033852403520649	347	211	83	80	1.0	1.0	False	False	0.6080691642651297	0.963855421686747
EOG09264O9F	True	True	0.1120996441281138	0.0078347578347578	281	234	125	112	0.8571428571428571	0.8571428571428571	False	False	0.8327402135231317	0.896
EOG09264OAU	True	True	0.5482374768089053	0.0325526932084309	770	305	168	153	1.0	1.0	False	False	0.3961038961038961	0.9107142857142857
EOG09264OBA	True	True	0.0339366515837104	0.0031558185404339	204	195	58	58	0.9285714285714286	0.9285714285714286	False	False	0.9558823529411765	1.0
EOG09264OBO	True	True	0.1733163102457708	0.0039651070578905	241	194	86	85	0.9285714285714286	0.9285714285714286	False	False	0.8049792531120332	0.9883720930232558
EOG09264OM7	True	True	0.0081845238095238	0.0011337868480725	192	189	32	32	1.0	1.0	False	False	0.984375	1.0
EOG09264OML	True	True	0.1833166833166833	0.00031328320802	286	228	72	72	1.0	1.0	False	False	0.7972027972027972	1.0
EOG09264OQ8	True	True	0.1815764482431149	0.0129807692307692	405	320	102	101	0.9285714285714286	0.9285714285714286	False	False	0.7901234567901234	0.9901960784313726
EOG09264OXC	True	True	0.0384368994234465	0.0010155721056194	223	211	55	51	1.0	1.0	False	False	0.9461883408071748	0.9272727272727272
EOG09264OYZ	True	True	0.2724041634932724	0.0114096429885903	303	209	86	81	0.9285714285714286	0.9285714285714286	False	False	0.6897689768976898	0.9418604651162791
EOG09264P3R	True	True	0.2029960920538428	0.0005624296962879	329	254	47	45	1.0	1.0	False	False	0.7720364741641338	0.9574468085106383
EOG09264P4J	True	True	0.3333118057349522	0.2175640770911981	1106	719	576	389	1.0	1.0	False	False	0.6500904159132007	0.6753472222222222
EOG09264P74	True	True	0.1744505494505494	0.0521899304134261	416	349	89	83	1.0	1.0	False	False	0.8389423076923077	0.9325842696629213
EOG09264PD5	True	True	0.0853080568720379	0.0035460992907801	211	188	52	51	0.8571428571428571	0.8571428571428571	False	False	0.8909952606635071	0.9807692307692307
EOG09264PDD	True	True	0.1797111185757474	0.0066696309470875	229	173	117	109	0.9285714285714286	0.9285714285714286	False	False	0.7554585152838428	0.9316239316239316
EOG09264PE5	True	True	0.5940740740740741	0.0023515579071134	675	243	70	70	1.0	1.0	False	False	0.36	1.0
EOG09264PI4	True	True	0.27729494839761	0.0198183319570602	263	173	72	63	1.0	1.0	False	False	0.6577946768060836	0.875
EOG09264PK5	True	True	0.2229876722262509	0.0083333333333333	394	300	97	96	1.0	1.0	False	False	0.7614213197969543	0.9896907216494846
EOG09264PMA	True	True	0.2947876447876448	0.0046583850931677	370	230	167	147	1.0	1.0	False	False	0.6216216216216216	0.8802395209580839
EOG09264QRY	True	True	0.3783333333333333	0.0035765379113018	400	233	61	61	0.8571428571428571	0.8571428571428571	False	False	0.5825	1.0
EOG09264R0D	True	True	0.011617900172117	0.0002184359982525	332	327	106	105	1.0	1.0	False	False	0.9849397590361446	0.9905660377358491
EOG09264R1U	True	True	0.1996871741397289	0.0318181818181818	411	330	147	145	1.0	1.0	False	False	0.8029197080291971	0.9863945578231292
EOG09264R4M	True	True	0.01621958827199	0.0	229	225	47	47	1.0	1.0	False	False	0.982532751091703	1.0
EOG09264RBX	True	True	0.2650137741046832	0.0214592274678111	330	233	106	104	0.7857142857142857	0.7857142857142857	False	False	0.706060606060606	0.9811320754716981
EOG09264RIE	True	True	0.1182453909726637	0.0047065744962494	605	523	137	133	0.9285714285714286	0.9285714285714286	False	False	0.8644628099173554	0.9708029197080292
EOG09264RJ7	True	True	0.0411483253588516	0.0	190	181	40	40	0.7857142857142857	0.7857142857142857	False	False	0.9526315789473684	1.0
EOG09264RJL	True	True	0.2027972027972027	0.0164835164835164	209	154	78	71	0.9285714285714286	0.9285714285714286	False	False	0.7368421052631579	0.9102564102564102
EOG09264RQY	False	True	0.6310642377756471	0.4158347676419965	745	415	66	66	1.0	1.0	True	False	0.5570469798657718	1.0
EOG09264RR2	True	True	0.2629748528624933	0.0	267	190	13	13	1.0	1.0	False	False	0.7116104868913857	1.0
EOG09264RW6	True	True	0.2768831168831169	0.061276287164612	275	197	68	62	1.0	1.0	False	False	0.7163636363636363	0.9117647058823529
EOG09264S3E	True	True	0.0171875	0.0	192	188	36	36	0.7142857142857143	0.7142857142857143	False	False	0.9791666666666666	1.0
EOG09264S40	True	True	0.1128497790868924	0.0209322399654725	388	331	192	178	1.0	1.0	False	False	0.8530927835051546	0.9270833333333334
EOG09264S4C	True	True	0.4597195042400522	0.0241545893719806	438	207	120	119	1.0	1.0	False	False	0.4726027397260274	0.9916666666666667
EOG09264SET	True	True	0.2083971805087343	0.0011895321173671	251	194	38	38	0.9285714285714286	0.9285714285714286	False	False	0.7729083665338645	1.0
EOG09264SQJ	True	True	0.2383780991735537	0.0028520499108734	352	255	78	78	0.7857142857142857	0.7857142857142857	False	False	0.7244318181818182	1.0
EOG09264SSI	True	True	0.1169607285145133	0.0062254259501965	251	218	85	84	1.0	1.0	False	False	0.8685258964143426	0.9882352941176471
EOG09264SUZ	True	True	0.2087396171903214	0.0104218362282878	213	155	88	79	0.9285714285714286	0.9285714285714286	False	False	0.7276995305164319	0.8977272727272727
EOG09264T0J	True	True	0.3270676691729323	0.0003232062055591	361	221	29	26	1.0	1.0	False	False	0.6121883656509696	0.896551724137931
EOG09264T1U	False	True	0.7173008988060636	0.0143398268398268	2033	336	97	101	0.7857142857142857	0.7857142857142857	True	False	0.16527299557304476	1.041237113402062
EOG09264T3S	True	True	0.1270139634801289	0.057556080283353	266	242	114	112	1.0	1.0	False	False	0.9097744360902256	0.9824561403508771
EOG09264T8I	True	True	0.4935087874238276	0.0589282183112517	871	389	244	229	0.9285714285714286	0.9285714285714286	False	False	0.44661308840413316	0.9385245901639344
EOG09264THP	True	True	0.2804621848739496	0.0087374399301004	476	327	181	180	1.0	1.0	False	False	0.6869747899159664	0.994475138121547
EOG09264TJN	True	True	0.2252589182968929	0.0011655011655011	316	234	62	60	0.7857142857142857	0.7857142857142857	False	False	0.740506329113924	0.967741935483871
EOG09264TQ5	True	True	0.1173469387755102	0.0008854781582054	280	242	96	96	1.0	1.0	False	False	0.8642857142857143	1.0
EOG09264U78	True	True	0.2905477980665951	0.0221483942414175	931	645	282	278	1.0	1.0	False	False	0.6928034371643395	0.9858156028368794
EOG09264U81	True	True	0.0273224043715847	0.0060192616372391	183	178	86	86	1.0	1.0	False	False	0.9726775956284153	1.0
EOG09264UD3	True	True	0.010047281323877	0.000599520383693	141	139	19	18	0.8571428571428571	0.8571428571428571	False	False	0.9858156028368794	0.9473684210526315
EOG09264UJF	False	True	0.7480577136514983	0.0017316017316017	901	165	96	94	1.0	1.0	True	False	0.18312985571587126	0.9791666666666666
EOG09264UKL	False	False	0.3803174603174603	0.0809968847352024	945	321	53	43	0.3571428571428571	0.3571428571428571	False	False	0.3396825396825397	0.8113207547169812
EOG09264USX	True	True	0.0128737541528239	0.003803888419273	172	169	45	45	1.0	1.0	False	False	0.9825581395348837	1.0
EOG09264UVA	True	True	0.3195253022839229	0.0869152970922882	319	226	49	49	1.0	1.0	False	False	0.7084639498432602	1.0
EOG09264V2U	True	True	0.2404667046101309	0.0243161094224924	251	188	80	79	1.0	1.0	False	False	0.749003984063745	0.9875
EOG09264V30	True	True	0.540080971659919	0.0069930069930069	380	143	84	80	0.9285714285714286	0.9285714285714286	False	False	0.3763157894736842	0.9523809523809523
EOG09264V3H	True	True	0.3624601205246366	0.0426625903279599	806	514	122	121	1.0	1.0	False	False	0.6377171215880894	0.9918032786885246
EOG09264V51	False	True	0.6745358090185677	0.0047872340425531	754	188	63	63	0.7142857142857143	0.7142857142857143	True	False	0.2493368700265252	1.0
EOG09264VC6	True	True	0.3520658263305322	0.0065714285714285	408	250	117	113	1.0	1.0	False	False	0.6127450980392157	0.9658119658119658
EOG09264VRO	True	True	0.3217001629549158	0.0288708297690333	526	334	192	181	1.0	1.0	False	False	0.6349809885931559	0.9427083333333334
EOG09264VZ7	True	True	0.5324186171643799	0.0068807339449541	531	218	111	111	1.0	1.0	False	False	0.4105461393596987	1.0
EOG09264W1U	True	True	0.2898524649154372	0.0146043547530536	397	269	138	136	1.0	1.0	False	False	0.6775818639798489	0.9855072463768116
EOG09264W46	True	True	0.1086206896551724	0.0137795275590551	290	254	130	128	0.8571428571428571	0.8571428571428571	False	False	0.8758620689655172	0.9846153846153847
EOG09264W71	True	True	0.0126422250316055	0.0038436899423446	226	223	69	68	1.0	1.0	False	False	0.9867256637168141	0.9855072463768116
EOG09264W7W	True	True	0.1522682445759368	0.0037986704653371	390	324	148	147	0.9285714285714286	0.9285714285714286	False	False	0.8307692307692308	0.9932432432432432
EOG09264WF4	True	True	0.1373737373737373	0.0826102675343456	495	461	205	205	0.8571428571428571	0.8571428571428571	False	False	0.9313131313131313	1.0
EOG09264X31	True	True	0.3581914268937169	0.0	262	160	43	43	0.9285714285714286	0.9285714285714286	False	False	0.6106870229007634	1.0
EOG09264X41	True	True	0.2798690671031096	0.0122242098986285	376	258	131	128	0.9285714285714286	0.9285714285714286	False	False	0.6861702127659575	0.9770992366412213
EOG09264X8J	True	True	0.2586405529953917	0.0024213075060532	248	177	23	23	1.0	1.0	False	False	0.7137096774193549	1.0
EOG09264X9R	True	True	0.319515306122449	0.0405619311436485	560	361	199	177	1.0	1.0	False	False	0.6446428571428572	0.8894472361809045
EOG09264XF3	True	True	0.0869565217391304	0.0052034058656575	345	302	109	97	1.0	1.0	False	False	0.8753623188405797	0.8899082568807339
EOG09264XJC	True	True	0.163276836158192	0.0058299039780521	295	243	89	89	0.8571428571428571	0.8571428571428571	False	False	0.823728813559322	1.0
EOG09264XKX	True	True	0.4375223773720014	0.0040622884224779	399	211	56	56	1.0	1.0	False	False	0.5288220551378446	1.0
EOG09264XLN	True	True	0.356523534269199	0.060515873015873	346	216	149	144	1.0	1.0	False	False	0.6242774566473989	0.9664429530201343
EOG09264XM2	True	True	0.2031590413943355	0.0556666666666666	306	250	150	147	0.8571428571428571	0.8571428571428571	False	False	0.8169934640522876	0.98
EOG09264XOC	True	True	0.0831595411887382	0.0144557823129251	274	252	108	108	1.0	1.0	False	False	0.9197080291970803	1.0
EOG09264XOZ	True	True	0.0811033347056401	0.0085480093676814	694	610	397	367	1.0	1.0	False	False	0.8789625360230547	0.924433249370277
EOG09264XPY	True	True	0.1907936507936508	0.0095238095238095	225	180	68	68	1.0	1.0	False	False	0.8	1.0
EOG09264XT5	True	True	0.2237394957983193	0.0120481927710843	340	249	91	84	1.0	1.0	False	False	0.7323529411764705	0.9230769230769231
EOG09264XTW	True	True	0.0669571199266223	0.0450694281007295	623	607	197	197	1.0	1.0	False	False	0.9743178170144462	1.0
EOG09264XUV	False	False	0.4090269966254218	0.194938440492476	1778	731	16	15	0.2857142857142857	0.2857142857142857	False	False	0.4111361079865017	0.9375
EOG09264XVU	False	True	0.6360290817700386	0.0212703962703962	857	264	147	141	0.9285714285714286	0.9285714285714286	True	False	0.3080513418903151	0.9591836734693877
EOG09264XYD	True	True	0.2447552447552447	0.0169082125603864	286	207	92	92	0.8571428571428571	0.8571428571428571	False	False	0.7237762237762237	1.0
EOG09264Y0W	True	True	0.084841628959276	0.0046237915090374	204	183	61	60	0.9285714285714286	0.9285714285714286	False	False	0.8970588235294118	0.9836065573770492
EOG09264YEG	True	True	0.2230392156862745	0.0	204	155	4	4	1.0	1.0	False	False	0.7598039215686274	1.0
EOG09264YHS	True	True	0.1817265703728585	0.0020903010033444	229	184	60	60	0.9285714285714286	0.9285714285714286	False	False	0.8034934497816594	1.0
EOG09264YIJ	True	True	0.5310952783480256	0.0206378986866791	637	164	192	105	0.9285714285714286	0.9285714285714286	False	False	0.25745682888540034	0.546875
EOG09264YKY	True	True	0.3328100470957614	0.0445990180032733	294	188	69	66	0.9285714285714286	0.9285714285714286	False	False	0.6394557823129252	0.9565217391304348
EOG09264YNR	False	True	0.6510948905109489	0.0105559465165376	685	203	98	94	1.0	1.0	True	False	0.29635036496350364	0.9591836734693877
EOG09264Z1B	True	True	0.3017019082001031	0.0120431893687707	277	172	41	29	1.0	1.0	False	False	0.6209386281588448	0.7073170731707317
EOG09264Z3D	True	True	0.1281407035175879	0.0051325919589392	199	167	71	65	1.0	1.0	False	False	0.8391959798994975	0.9154929577464789
EOG09264ZDJ	True	True	0.1693227091633466	0.0274204468517264	251	211	105	105	1.0	1.0	False	False	0.8406374501992032	1.0
EOG09264ZDZ	False	True	0.6984680230201832	0.0816882232811436	949	226	140	125	0.9285714285714286	0.9285714285714286	True	False	0.23814541622760801	0.8928571428571429
EOG09264ZI5	True	True	0.2863436123348017	0.0060468631897203	227	147	21	21	0.6428571428571429	0.6428571428571429	False	False	0.6475770925110133	1.0
EOG09264ZQC	True	True	0.1743886743886744	0.0148475120385232	222	178	70	67	1.0	1.0	False	False	0.8018018018018018	0.9571428571428572
EOG09264ZWF	False	True	0.8363844393592678	0.0028315243039169	1748	163	39	37	0.9285714285714286	0.9285714285714286	True	False	0.09324942791762014	0.9487179487179487
EOG09264ZXA	True	True	0.1725576828669612	0.0012642225031605	291	226	85	80	1.0	1.0	False	False	0.7766323024054983	0.9411764705882353
EOG09265040	True	True	0.1267579570688378	0.0230346576500422	386	338	141	139	1.0	1.0	False	False	0.8756476683937824	0.9858156028368794
EOG0926505R	True	True	0.3647711511789182	0.007871720116618	412	245	156	152	1.0	1.0	False	False	0.5946601941747572	0.9743589743589743
EOG0926506U	True	True	0.2308270676691729	0.0	190	140	11	10	1.0	1.0	False	False	0.7368421052631579	0.9090909090909091
EOG0926506Z	True	True	0.1418527708850289	0.0107108081791626	186	158	38	38	0.9285714285714286	0.9285714285714286	False	False	0.8494623655913979	1.0
EOG092650I8	True	True	0.1423246357167062	0.046075751659508	227	197	91	89	0.9285714285714286	0.9285714285714286	False	False	0.8678414096916299	0.978021978021978
EOG092650VI	True	True	0.2368536371603856	0.0071119356833642	326	231	144	131	1.0	1.0	False	False	0.7085889570552147	0.9097222222222222
EOG0926510L	True	True	0.0769454123112659	0.0025624599615631	246	223	57	55	1.0	1.0	False	False	0.9065040650406504	0.9649122807017544
EOG0926514P	True	True	0.0052034058656575	0.0	151	140	10	10	1.0	1.0	False	False	0.9271523178807947	1.0
EOG092651BA	True	True	0.539803820340733	0.0351411178749308	745	278	186	156	0.9285714285714286	0.9285714285714286	False	False	0.3731543624161074	0.8387096774193549
EOG092651FJ	True	True	0.3390918641298004	0.0061913696060037	659	410	199	191	0.9285714285714286	0.9285714285714286	False	False	0.622154779969651	0.9597989949748744
EOG092651HW	True	True	0.1623397435897436	0.0228846153846153	480	400	188	186	0.9285714285714286	0.9285714285714286	False	False	0.8333333333333334	0.9893617021276596
EOG092651K1	False	True	0.6354002727940405	0.0406301824212272	1059	134	53	37	0.6428571428571429	0.6428571428571429	True	False	0.12653446647780925	0.6981132075471698
EOG092651LN	True	True	0.0094097519247219	0.0	167	165	30	30	1.0	1.0	False	False	0.9880239520958084	1.0
EOG092651OF	True	True	0.2679180887372013	0.0014144271570014	293	202	104	99	1.0	1.0	False	False	0.689419795221843	0.9519230769230769
EOG0926522L	True	True	0.2774838330393886	0.0022893772893772	243	156	76	60	1.0	1.0	False	False	0.6419753086419753	0.7894736842105263
EOG092652KR	True	True	0.1264450867052023	0.0	173	148	13	13	0.5714285714285714	0.5714285714285714	False	False	0.8554913294797688	1.0
EOG092652NQ	True	True	0.191150954308849	0.0059835452505609	247	191	63	60	1.0	1.0	False	False	0.7732793522267206	0.9523809523809523
EOG092652TN	True	True	0.1783523225241016	0.0043620501635768	163	131	57	56	1.0	1.0	False	False	0.803680981595092	0.9824561403508771
EOG092652Y6	True	True	0.116019818331957	0.0009523809523809	173	150	4	4	1.0	1.0	False	False	0.8670520231213873	1.0
EOG092652YI	True	True	0.1715976331360946	0.0853365384615384	143	128	38	38	0.9285714285714286	0.9285714285714286	False	False	0.8951048951048951	1.0
EOG092652ZZ	True	True	0.031584062196307	0.0	147	142	56	56	1.0	1.0	False	False	0.9659863945578231	1.0
EOG09265313	True	True	0.2819703955350643	0.005656108597285	317	204	117	101	0.9285714285714286	0.9285714285714286	False	False	0.6435331230283912	0.8632478632478633
EOG0926534P	True	True	0.5546251768033946	0.0142857142857142	2525	530	544	160	1.0	1.0	False	False	0.2099009900990099	0.29411764705882354
EOG0926539T	True	True	0.0071225071225071	0.0	117	114	30	30	0.8571428571428571	0.8571428571428571	False	False	0.9743589743589743	1.0
EOG092653KS	True	True	0.2528399870172022	0.053050397877984	237	174	72	67	0.9285714285714286	0.9285714285714286	False	False	0.7341772151898734	0.9305555555555556
EOG092653LT	True	True	0.401087801087801	0.0435990002777006	495	277	188	177	0.9285714285714286	0.9285714285714286	False	False	0.5595959595959596	0.9414893617021277
EOG092653NM	True	True	0.1342105263157894	0.0	190	162	15	15	0.8571428571428571	0.8571428571428571	False	False	0.8526315789473684	1.0
EOG092653O3	True	True	0.1979813664596273	0.0874020494273658	276	237	120	120	1.0	1.0	False	False	0.8586956521739131	1.0
EOG092653SU	True	True	0.2650375939849624	0.0059907834101382	228	155	23	19	1.0	1.0	False	False	0.6798245614035088	0.8260869565217391
EOG092653VU	True	True	0.5378202213127179	0.0092915214866434	733	287	140	139	0.6428571428571429	0.6428571428571429	False	False	0.39154160982264663	0.9928571428571429
EOG092653YS	True	True	0.0304878048780487	0.0006002400960384	246	238	20	20	1.0	1.0	False	False	0.967479674796748	1.0
EOG092654KW	True	True	0.5618717891445164	0.0346534653465346	814	202	142	82	0.7857142857142857	0.7857142857142857	False	False	0.24815724815724816	0.5774647887323944
EOG092654LJ	True	True	0.0997670807453416	0.0056277056277056	184	165	58	57	1.0	1.0	False	False	0.8967391304347826	0.9827586206896551
EOG092654O3	True	True	0.3971428571428571	0.0145089285714285	225	128	41	38	1.0	1.0	False	False	0.5688888888888889	0.926829268292683
EOG092654QZ	True	True	0.3252927400468384	0.1435006435006435	305	222	133	129	1.0	1.0	False	False	0.7278688524590164	0.9699248120300752
EOG092654RM	True	True	0.0217669654289372	0.0032701111837802	142	139	58	58	0.7857142857142857	0.7857142857142857	False	False	0.9788732394366197	1.0
EOG092654VM	True	True	0.0561224489795918	0.0004177109440267	182	171	31	31	1.0	1.0	False	False	0.9395604395604396	1.0
EOG092654XA	False	True	0.7578754578754578	0.0196078431372549	1260	102	82	36	0.9285714285714286	0.9285714285714286	True	False	0.08095238095238096	0.43902439024390244
EOG09265552	True	True	0.2367149758454106	0.09375	207	164	36	36	0.5714285714285714	0.5714285714285714	False	False	0.7922705314009661	1.0
EOG09265591	True	True	0.2576530612244898	0.0040816326530612	196	140	15	15	1.0	1.0	False	False	0.7142857142857143	1.0
EOG092655IF	True	True	0.3493889288281812	0.004079254079254	214	132	82	82	0.9285714285714286	0.9285714285714286	False	False	0.616822429906542	1.0
EOG092655L0	True	True	0.2567567567567567	0.004930966469428	222	156	75	72	0.9285714285714286	0.9285714285714286	False	False	0.7027027027027027	0.96
EOG092655M5	True	True	0.1972789115646258	0.0135422198619224	357	269	129	111	1.0	1.0	False	False	0.7535014005602241	0.8604651162790697
EOG092655SO	True	True	0.1875901875901875	0.0025345622119815	396	310	169	164	1.0	1.0	False	False	0.7828282828282829	0.9704142011834319
EOG092656CM	True	True	0.0623315363881401	0.0068542568542568	212	198	35	34	1.0	1.0	False	False	0.9339622641509434	0.9714285714285714
EOG092656IY	True	True	0.2032563025210084	0.020703933747412	272	207	77	76	0.5	0.5	False	False	0.7610294117647058	0.987012987012987
EOG092656JA	True	True	0.3073410607657183	0.0038188761593016	219	141	67	63	0.9285714285714286	0.9285714285714286	False	False	0.6438356164383562	0.9402985074626866
EOG092656RK	True	True	0.1399548532731377	0.0027247956403269	443	367	149	141	1.0	1.0	False	False	0.8284424379232506	0.9463087248322147
EOG0926577T	True	True	0.071039442144258	0.0087844254510921	353	324	149	144	0.9285714285714286	0.9285714285714286	False	False	0.9178470254957507	0.9664429530201343
EOG0926578E	True	True	0.4674185463659148	0.0359025032938076	532	253	127	124	0.8571428571428571	0.8571428571428571	False	False	0.4755639097744361	0.9763779527559056
EOG092657H8	True	True	0.1143777688280306	0.0009380863039399	191	164	36	36	0.9285714285714286	0.9285714285714286	False	False	0.8586387434554974	1.0
EOG092657UN	True	True	0.0952182952182952	0.0014114326040931	370	327	144	140	0.9285714285714286	0.9285714285714286	False	False	0.8837837837837837	0.9722222222222222
EOG092657YR	True	True	0.0211538461538461	0.0004962779156327	160	155	34	33	0.9285714285714286	0.9285714285714286	False	False	0.96875	0.9705882352941176
EOG09265822	True	True	0.3960839160839161	0.0005417118093174	275	142	53	48	0.9285714285714286	0.9285714285714286	False	False	0.5163636363636364	0.9056603773584906
EOG0926587S	False	True	0.6047561187293873	0.0898770104068117	823	151	82	45	0.5	0.5	True	False	0.18347509113001215	0.5487804878048781
EOG092658CI	True	True	0.1328267477203647	0.005685856432125	235	201	107	107	1.0	1.0	False	False	0.8553191489361702	1.0
EOG092658NW	True	True	0.1973544973544973	0.0049261083743842	405	319	118	117	1.0	1.0	False	False	0.7876543209876543	0.9915254237288136
EOG092658QH	True	True	0.303030303030303	0.027840909090909	243	160	83	81	0.7857142857142857	0.7857142857142857	False	False	0.6584362139917695	0.9759036144578314
EOG092658SK	True	True	0.147083685545224	0.0	182	153	8	8	0.9285714285714286	0.9285714285714286	False	False	0.8406593406593407	1.0
EOG092658WS	False	True	0.7744810744810745	0.0360942249240121	1170	188	88	78	1.0	1.0	True	False	0.1606837606837607	0.8863636363636364
EOG092658WY	True	True	0.1742886178861788	0.0037593984962406	164	133	33	33	0.8571428571428571	0.8571428571428571	False	False	0.8109756097560976	1.0
EOG092658X5	True	True	0.2366013071895424	0.0341760299625468	255	178	123	108	0.8571428571428571	0.8571428571428571	False	False	0.6980392156862745	0.8780487804878049
EOG092658ZO	True	True	0.1053846153846153	0.0043459365493263	200	177	92	91	0.9285714285714286	0.9285714285714286	False	False	0.885	0.9891304347826086
EOG0926591L	True	True	0.3236363636363636	0.1415016501650165	275	202	90	88	0.8571428571428571	0.8571428571428571	False	False	0.7345454545454545	0.9777777777777777
EOG092659DX	True	True	0.2677496991576414	0.0411646586345381	277	166	127	98	0.8571428571428571	0.8571428571428571	False	False	0.5992779783393501	0.7716535433070866
EOG092659OC	True	True	0.2872652582159624	0.0360134003350083	284	199	80	80	0.8571428571428571	0.8571428571428571	False	False	0.7007042253521126	1.0
EOG09265A08	True	True	0.2732342007434944	0.0050125313283208	269	171	93	79	1.0	1.0	False	False	0.6356877323420075	0.8494623655913979
EOG09265A4E	True	True	0.1748511904761904	0.00046992481203	192	152	33	32	1.0	1.0	False	False	0.7916666666666666	0.9696969696969697
EOG09265AL8	True	True	0.051440329218107	0.000943989930774	243	227	93	92	1.0	1.0	False	False	0.934156378600823	0.989247311827957
EOG09265ANI	True	True	0.0223443223443223	0.006357516828721	195	191	45	44	1.0	1.0	False	False	0.9794871794871794	0.9777777777777777
EOG09265AT5	True	True	0.0433070866141732	0.0272177419354838	127	124	18	18	0.5714285714285714	0.5714285714285714	False	False	0.9763779527559056	1.0
EOG09265B1X	True	True	0.1293848500254194	0.0056312981624184	281	241	80	80	1.0	1.0	False	False	0.8576512455516014	1.0
EOG09265B4G	True	True	0.2675312199807877	0.0378787878787878	347	220	131	114	0.8571428571428571	0.8571428571428571	False	False	0.6340057636887608	0.8702290076335878
EOG09265B95	False	True	0.7258762742633711	0.0174379610999329	1023	213	130	112	1.0	1.0	True	False	0.20821114369501467	0.8615384615384616
EOG09265BAK	True	True	0.266156462585034	0.0086206896551724	168	116	28	27	1.0	1.0	False	False	0.6904761904761905	0.9642857142857143
EOG09265BBJ	True	True	0.0122950819672131	0.0035714285714285	122	120	44	44	1.0	1.0	False	False	0.9836065573770492	1.0
EOG09265BCT	False	True	0.625952875952876	0.002016129032258	481	124	65	59	0.8571428571428571	0.8571428571428571	True	False	0.2577962577962578	0.9076923076923077
EOG09265BE5	True	True	0.2376329172445677	0.009829619921363	309	218	99	95	1.0	1.0	False	False	0.7055016181229773	0.9595959595959596
EOG09265BG5	False	True	0.8306237218813906	0.0	1630	153	28	28	0.8571428571428571	0.8571428571428571	True	False	0.09386503067484663	1.0
EOG09265BJ3	True	True	0.2252747252747252	0.01007326007326	208	156	69	68	1.0	1.0	False	False	0.75	0.9855072463768116
EOG09265BTA	True	False	0.0012004801920768	0.0	119	118	3	2	1.0	1.0	False	True	0.9915966386554622	0.6666666666666666
EOG09265BTC	True	True	0.0963541666666666	0.0041771094402673	192	171	94	93	1.0	1.0	False	False	0.890625	0.9893617021276596
EOG09265BWR	True	True	0.1680900621118012	0.0014677103718199	184	146	53	50	1.0	1.0	False	False	0.7934782608695652	0.9433962264150944
EOG09265C25	True	True	0.2941863862109261	0.0644989339019189	978	536	526	358	1.0	1.0	False	False	0.5480572597137015	0.6806083650190115
EOG09265CCT	True	True	0.159500693481276	0.0046218487394957	206	170	30	30	1.0	1.0	False	False	0.8252427184466019	1.0
EOG09265CFP	True	True	0.0078895463510848	0.0	117	116	15	15	0.9285714285714286	0.9285714285714286	False	False	0.9914529914529915	1.0
EOG09265CN0	True	True	0.1037433155080213	0.0012202562538133	170	149	22	21	0.7857142857142857	0.7857142857142857	False	False	0.8764705882352941	0.9545454545454546
EOG09265CQO	False	True	0.804397559735638	0.0015306122448979	1686	140	3	3	1.0	1.0	True	False	0.0830367734282325	1.0
EOG09265D7J	True	True	0.2037135278514588	0.0	145	113	27	27	0.9285714285714286	0.9285714285714286	False	False	0.7793103448275862	1.0
EOG09265DAV	True	True	0.0464535464535464	0.0047268907563025	143	136	33	33	1.0	1.0	False	False	0.951048951048951	1.0
EOG09265DDU	True	True	0.2552424639580603	0.0166975881261595	218	154	75	73	1.0	1.0	False	False	0.7064220183486238	0.9733333333333334
EOG09265DRM	True	True	0.5473372781065089	0.0280620666886761	650	233	149	139	0.9285714285714286	0.9285714285714286	False	False	0.35846153846153844	0.9328859060402684
EOG09265DVA	True	True	0.5693449012951087	0.0081532816958825	723	223	126	110	0.7857142857142857	0.7857142857142857	False	False	0.3084370677731674	0.873015873015873
EOG09265DWT	True	True	0.2714932126696832	0.0	153	108	3	3	0.9285714285714286	0.9285714285714286	False	False	0.7058823529411765	1.0
EOG09265E6R	True	True	0.0474051896207584	0.0059139784946236	167	155	26	25	0.8571428571428571	0.8571428571428571	False	False	0.9281437125748503	0.9615384615384616
EOG09265E8A	True	True	0.193019943019943	0.0100182149362477	156	122	51	50	0.6428571428571429	0.6428571428571429	False	False	0.782051282051282	0.9803921568627451
EOG09265EKJ	True	True	0.440133779264214	0.0111111111111111	299	135	59	50	0.7142857142857143	0.7142857142857143	False	False	0.451505016722408	0.847457627118644
EOG09265EOF	True	True	0.0493697478991596	0.0071982281284606	136	129	23	23	1.0	1.0	False	False	0.9485294117647058	1.0
EOG09265ER6	True	True	0.0160818713450292	0.0044642857142857	114	112	32	32	0.8571428571428571	0.8571428571428571	False	False	0.9824561403508771	1.0
EOG09265F2Y	True	True	0.3087808417997097	0.0469176213857064	212	141	55	53	0.9285714285714286	0.9285714285714286	False	False	0.6650943396226415	0.9636363636363636
EOG09265FCK	True	True	0.1511243386243386	0.0176609105180533	216	182	33	33	1.0	1.0	False	False	0.8425925925925926	1.0
EOG09265FGA	False	True	0.781452922077922	0.008893280632411	1344	184	45	42	0.7857142857142857	0.7857142857142857	True	False	0.13690476190476192	0.9333333333333333
EOG09265FI4	True	True	0.0	0.0	124	124	22	22	0.9285714285714286	0.9285714285714286	False	False	1.0	1.0
EOG09265FL1	True	True	0.5810640971931295	0.0239955357142857	341	128	15	15	1.0	1.0	False	False	0.375366568914956	1.0
EOG09265FTN	True	True	0.2818532818532818	0.0021216407355021	148	101	27	27	1.0	1.0	False	False	0.6824324324324325	1.0
EOG09265FTY	True	True	0.2711128650355169	0.0022675736961451	181	126	44	44	1.0	1.0	False	False	0.6961325966850829	1.0
EOG09265G5C	True	True	0.0124378109452736	0.0	201	198	41	41	1.0	1.0	False	False	0.9850746268656716	1.0
EOG09265G5K	True	True	0.3402014652014652	0.1081441922563418	312	214	98	92	1.0	1.0	False	False	0.6858974358974359	0.9387755102040817
EOG09265G9U	True	True	0.3581681476418318	0.0005714285714285	209	125	22	22	1.0	1.0	False	False	0.5980861244019139	1.0
EOG09265GGX	True	True	0.1869971033150949	0.0085924713584288	239	188	79	74	0.9285714285714286	0.9285714285714286	False	False	0.7866108786610879	0.9367088607594937
EOG09265GSM	True	True	0.1961697722567287	0.0165343915343915	138	108	50	49	1.0	1.0	False	False	0.782608695652174	0.98
EOG09265GXF	True	True	0.3026676639242084	0.0120618168111571	573	379	178	172	1.0	1.0	False	False	0.6614310645724258	0.9662921348314607
EOG09265GYD	True	True	0.4717365967365967	0.0446650124069478	264	124	65	64	0.9285714285714286	0.9285714285714286	False	False	0.4696969696969697	0.9846153846153847
EOG09265GYK	False	False	0.0311791383219954	0.0116144018583042	126	123	2	2	1.0	1.0	False	False	0.9761904761904762	1.0
EOG09265H9T	True	True	0.2579365079365079	0.0	144	104	16	16	1.0	1.0	False	False	0.7222222222222222	1.0
EOG09265HEP	True	True	0.3376010781671159	0.0088593576965669	212	129	46	44	1.0	1.0	False	False	0.6084905660377359	0.9565217391304348
EOG09265HP0	True	True	0.0351890756302521	0.0198711063372717	136	133	47	46	1.0	1.0	False	False	0.9779411764705882	0.9787234042553191
EOG09265HPJ	False	True	0.708237643534698	0.0021978021978021	2003	182	79	77	0.7142857142857143	0.7142857142857143	True	False	0.090863704443335	0.9746835443037974
EOG09265I60	True	True	0.2918763479511143	0.000545553737043	214	141	29	28	0.9285714285714286	0.9285714285714286	False	False	0.6588785046728972	0.9655172413793104
EOG09265I72	True	True	0.3249783923941227	0.0190543401552575	178	109	38	36	0.9285714285714286	0.9285714285714286	False	False	0.6123595505617978	0.9473684210526315
EOG09265I7S	True	True	0.34	0.0104529616724738	200	123	42	42	1.0	1.0	False	False	0.615	1.0
EOG09265IBC	True	True	0.0860271115745568	0.0040322580645161	137	124	34	34	1.0	1.0	False	False	0.9051094890510949	1.0
EOG09265IT6	True	True	0.0814732142857142	0.0	128	114	13	13	1.0	1.0	False	False	0.890625	1.0
EOG09265J36	True	True	0.5342232320363534	0.0176803394625176	503	202	95	88	1.0	1.0	False	False	0.40159045725646125	0.9263157894736842
EOG09265JA7	True	True	0.2574660633484162	0.0229299363057324	221	157	58	56	0.7142857142857143	0.7142857142857143	False	False	0.7104072398190046	0.9655172413793104
EOG09265JNA	False	False	0.5635627530364372	0.0106194690265486	494	113	25	21	0.3571428571428571	0.3571428571428571	False	False	0.22874493927125505	0.84
EOG09265JVH	True	False	0.2167701863354037	0.0034013605442176	115	84	13	12	1.0	1.0	False	True	0.7304347826086957	0.9230769230769231
EOG09265JX6	True	True	0.3719806763285024	0.3167420814479638	207	187	8	8	0.9285714285714286	0.9285714285714286	False	False	0.9033816425120773	1.0
EOG09265K1R	True	True	0.1492063492063492	0.0012870012870012	135	111	52	51	1.0	1.0	False	False	0.8222222222222222	0.9807692307692307
EOG09265K4K	True	True	0.2775198938992042	0.031047265987025	232	166	71	70	0.9285714285714286	0.9285714285714286	False	False	0.7155172413793104	0.9859154929577465
EOG09265K5D	True	False	0.2607561929595828	0.0037071362372567	118	83	34	32	0.9285714285714286	0.9285714285714286	False	True	0.7033898305084746	0.9411764705882353
EOG09265K60	True	True	0.5966588235294118	0.32203125	2125	640	300	218	0.7142857142857143	0.7142857142857143	False	False	0.30117647058823527	0.7266666666666667
EOG09265KF9	True	True	0.5567061143984221	0.0111607142857142	338	112	66	55	0.8571428571428571	0.8571428571428571	False	False	0.33136094674556216	0.8333333333333334
EOG09265KNL	True	True	0.0521077283372365	0.0118012422360248	122	115	37	36	1.0	1.0	False	False	0.9426229508196722	0.972972972972973
EOG09265KPR	True	True	0.3248626373626374	0.0112781954887218	208	133	37	36	1.0	1.0	False	False	0.6394230769230769	0.972972972972973
EOG09265KQ4	True	True	0.1775372916057326	0.0105427567356501	263	197	122	110	0.9285714285714286	0.9285714285714286	False	False	0.7490494296577946	0.9016393442622951
EOG09265KSE	True	False	0.2633587786259542	0.0016806722689075	131	85	45	39	1.0	1.0	False	True	0.648854961832061	0.8666666666666667
EOG09265L8N	True	False	0.459073359073359	0.0023809523809523	185	90	31	31	1.0	1.0	False	True	0.4864864864864865	1.0
EOG09265LEG	True	True	0.3304511278195489	0.0119047619047619	190	114	51	47	1.0	1.0	False	False	0.6	0.9215686274509803
EOG09265LIB	True	True	0.2366243794815223	0.0492857142857142	259	200	107	105	1.0	1.0	False	False	0.7722007722007722	0.9813084112149533
EOG09265M8S	True	True	0.0959963603275705	0.0005175983436853	157	138	50	48	1.0	1.0	False	False	0.8789808917197452	0.96
EOG09265M98	True	True	0.2823571945046999	0.0124172185430463	461	302	191	173	0.8571428571428571	0.8571428571428571	False	False	0.6550976138828634	0.9057591623036649
EOG09265MAN	True	True	0.2742172211350293	0.006731488406881	292	191	106	92	1.0	1.0	False	False	0.6541095890410958	0.8679245283018868
EOG09265NHW	False	False	0.0375180375180375	0.0060150375939849	99	95	5	5	1.0	1.0	False	False	0.9595959595959596	1.0
EOG09265OQH	False	False	0.0223752151462994	0.0008928571428571	83	80	17	16	1.0	1.0	False	False	0.963855421686747	0.9411764705882353
EOG09265PJ3	True	True	0.2802582033351264	0.0223076923076923	143	100	47	46	0.9285714285714286	0.9285714285714286	False	False	0.6993006993006993	0.9787234042553191
EOG09265PQX	True	False	0.3575892857142857	0.0021865889212827	160	98	32	32	1.0	1.0	False	True	0.6125	1.0
EOG09265PUI	False	False	0.0426587301587301	0.0082815734989648	72	69	17	17	1.0	1.0	False	False	0.9583333333333334	1.0
EOG09265QTV	False	False	0.0833333333333333	0.0	120	100	0	0	0.1428571428571428	0.1428571428571428	False	False	0.8333333333333334	
EOG09265RGI	False	False	0.0	0.0	90	90	0	0	0.0714285714285714	0.0714285714285714	False	False	1.0	
EOG09265RGS	False	True	0.7946347180622477	0.0254464285714285	1097	160	67	67	1.0	1.0	True	False	0.14585232452142205	1.0
EOG09265SHL	True	False	0.4312169312169312	0.0029154518950437	189	98	8	8	1.0	1.0	False	True	0.5185185185185185	1.0
EOG09265SHM	False	False	0.7156426651839496	0.6774498229043684	1962	1155	88	20	0.7857142857142857	0.7857142857142857	False	False	0.5886850152905199	0.22727272727272727
